-----------------------------------------[ INSERT VALUES ]-----------------------------------------------------
use DrivingLicense;
go
insert into Account(Username, [Password], [Role]) values
('admin' , '12345' , 'admin'),
('manager' , '12345' , 'staff'),
('teacher1' , '12345' , 'lecturer'),
('teacher2' , '12345' , 'lecturer'),
('teacher3' , '12345' , 'lecturer');

--=================
--Insert new user account:
exec dbo.proc_signUpAccount @username = 'user123', @password = '123', @email = 'user123@example.com';
/*
select * from Users;
update Users set FullName=N'Nguyễn Văn A' where UserID='31C2288C-AB94-4DC7-AEFE-2910D2BF2681';
*/

--=================
/*
select * from Account
select * from Teacher
insert into Teacher(AccountID,FullName,Email,Price) values
('FB91AF9E-0103-4127-96B0-BC48A10A3CC3','Giao Lang', 'giaolang@fe.fpt.edu.vn', 100);
*/

--=================
insert into License(LicenseID, LicenseName) values
('A1' , N'A1 - Xe máy PKN'),
('A2' , N'A2 - Xe máy PKL'),
('A3' , N'A3 - Xe máy 3 bánh'),
('A4' , N'A4 - Xe kéo dưới 1 tấn'),
('B1' , N'B1 - Xe ô tô 4-9 chỗ'),
('B2' , N'B2 - Xe ô tô 9 chỗ, dưới 3,5 tấn, được kéo rơ moóc dưới 750kg'),
('C' , N'C - Xe tải, máy kéo trên 3,5 tấn'),
('D' , N'D - Xe 10-30 chỗ'),
('E' , N'E - Xe trên 30 chỗ'),
('FB2' , N'FB2 - Xe tải nhỏ'),
('FC' , N'FC - Xe tải lớn, sơ mi rơ moóc'),
('FD' , N'FD - Xe Container nhỏ'),
('FE' , N'FE - Xe Container dài');
go

--=================
--Create schedule formula
/* CÁCH 1: TRUY ID TỪ NAME,MAIL
exec dbo.proc_CreateSchedule @nameGV='Giao Lang', @mailGV='giaolang@fe.fpt.edu.vn', @nameUser=N'Nguyễn Văn A', @mailUser='user123@example.com', @licenseid='C', @starttime='10:00', @endtime='15:00', @date='10-10-2023', @address=N'19 Trương Văn Bang, TP.Thủ Đức';

	CÁCH 2: BẮT TRỰC TIẾP ID TỪ WEB
exec dbo.proc_CreateSchedule @userid='31C2288C-AB94-4DC7-AEFE-2910D2BF2681', @teacherid='50C0B784-ED9F-4C32-9239-FB46CE2D737C', @licenseid='C', @starttime='10:00', @endtime='15:00', @date='10-10-2023', @address=N'19 Trương Văn Bang, TP.Thủ Đức';


select * from Schedule
select * from Users
delete from Schedule
*/

--=================
insert into Vehicle([Name], [Image], Brand, [Type], Years, ContactNumber, [Address], RentPrice, [Status]) values
('Wave Alpha 110cc' , 'https://truongngoainguvietnam.edu.vn/gia-xe-wave-alpha-2018-cu/imager_2_22_700.jpg' , 'Honda' , N'Xe số 110cc' , 2018 , '0123456789' , N'Quận Gò Vấp, TP.HCM' , 20000 , 1),
('Wave Alpha 110cc' , 'https://cdn.honda.com.vn/motorbike-versions/July2023/V1JxzlIUxWuk5RLW8fYF.jpg' , 'Honda' , N'Xe số 110cc' , 2023 , '0989121878' , N'Quận 2, TP.Thủ Đức' , 50000 , 1),
('Future 125 FI' , 'https://vcdn-vnexpress.vnecdn.net/2020/05/19/Honda-Future-4-8238-1589858760.jpg' , 'Honda' , N'Xe số 125cc' , 2020 , '0987654321' , N'Quận Tân Bình, TP.HCM' , 50000 , 1),
('Winner X' , 'https://vcdn-vnexpress.vnecdn.net/2021/11/12/1-5895-1636691232.jpg' , 'Honda' , N'Xe côn 150cc' , 2020 , '0334217271' , N'Quận 9, TP.Thủ Đức' , 60000 , 1),
('Sirius 110' , 'https://yamaha-motor.com.vn/wp/wp-content/uploads/2021/11/Sirius-Black-Metallic-004.png' , 'Yamaha' , N'Xe số 110cc' , 2021 , '0126623503' , N'Quận Phú Nhuận, TP.HCM' , 40000 , 1),
('Jupiter Finn 115' , 'https://images2.thanhnien.vn/Uploaded/bahung/2022_07_19/yamaha-jupiter-finn-2-1130.jpg' , 'Yamaha' , N'Xe số 115cc' , 2022 , '0786000036' , N'TP.HCM' , 40000 , 1),
('Exciter 155' , 'https://cms-i.autodaily.vn/du-lieu/2021/01/06/135678243-1276591936040046-222799997999921423-o.jpg' , 'Yamaha' , N'Xe côn 155cc' , 2023 , '0989121878' , N'Quận Phú Nhuận, TP.HCM' , 70000 , 1),
('Z1000 ABS' , 'https://images.autofun.vn/file/f91c483556bf4f9987fe8062d59a7711.png' , 'Kawasaki' , N'Xe côn 1000cc' , 2022 , '0999888999' , N'Quận 1, TP.HCM' , 111000 , 1),
('Softail Standard' , 'https://i.ytimg.com/vi/iiIuhzLJe8Y/maxresdefault.jpg' , 'Harley Davidson' , N'Xe côn 1700cc' , 2022 , '0254753345' , N'Quận 1, TP.HCM' , 120000 , 1),
('BMW R18' , 'https://media.vov.vn/sites/default/files/styles/large/public/2023-06/2a6668610b62da3c8373.jpg' , 'BMW' , N'Xe côn 1800cc' , 2020 , '0734238271' , N'Quận 7, TP.HCM' , 120000 , 1),
('CBR500R' , 'https://www.revzilla.com/blog_content_image/image/87360/redline_hero/A7303848.jpg' , 'Honda' , N'Xe côn 500cc' , 2022 , '0112278987' , N'Quận Bình Thạnh, TP.HCM' , 100000 , 1),
('YZF-R3' , 'https://upload.wikimedia.org/wikipedia/commons/thumb/6/64/5-YZF_R3_2021.jpg/800px-5-YZF_R3_2021.jpg' , 'Yamaha' , N'Xe côn 300cc' , 2021 , '0909808707' , N'Quận Phú Nhuận, TP.HCM' , 85000 , 1),
('Vinfast Fadil' , 'https://n1-pstg.mioto.vn/cho_thue_xe_o_to_tu_lai_t…2019/p/g/2023/02/14/13/MF_AzRUnZCRt9rx5sNePQg.jpg' , 'Vinfast' ,N'Xe ô tô 5 chỗ, số tự động' , 2019 , '1900232389' , N'Quận Bình Thạnh, TP.HCM' , 200000 , 1),
('Toyota Camry' , '' , 'Toyota' ,N'Xe ô tô 5 chỗ, số tự động' , 2019 , '000000000000' , N'TP.HCM' , 200000 , 1),
('Toyota Vios' , '' , 'Toyota' ,N'Xe ô tô 5 chỗ, số tự động' , 2019 , '000000000000' , N'TP.HCM' , 200000 , 1),
('Xe 2' , '' , 'Vinfast' ,N'Xe ô tô 5 chỗ, số tự động' , 2019 , '000000000000' , N'TP.HCM' , 200000 , 1),
('Xe 3' , '' , 'Vinfast' ,N'Xe ô tô 5 chỗ, số tự động' , 2019 , '000000000000' , N'TP.HCM' , 200000 , 1),
('Xe 4' , '' , 'Vinfast' ,N'Xe ô tô 5 chỗ, số tự động' , 2019 , '000000000000' , N'TP.HCM' , 200000 , 1),
('Xe 5' , '' , 'Vinfast' ,N'Xe ô tô 5 chỗ, số tự động' , 2019 , '000000000000' , N'TP.HCM' , 200000 , 1),
('Xe 6' , '' , 'Vinfast' ,N'Xe ô tô 5 chỗ, số tự động' , 2019 , '000000000000' , N'TP.HCM' , 200000 , 1),
('Xe 7' , '' , 'Vinfast' ,N'Xe ô tô 5 chỗ, số tự động' , 2019 , '000000000000' , N'TP.HCM' , 200000 , 1),
('Xe 8' , '' , 'Vinfast' ,N'Xe ô tô 5 chỗ, số tự động' , 2019 , '000000000000' , N'TP.HCM' , 200000 , 1),
('Xe 9' , '' , 'Vinfast' ,N'Xe ô tô 5 chỗ, số tự động' , 2019 , '000000000000' , N'TP.HCM' , 200000 , 1),
('Xe 10' , '' , 'Vinfast' ,N'Xe ô tô 5 chỗ, số tự động' , 2019 , '000000000000' , N'TP.HCM' , 200000 , 1),
('Xe 11' , '' , 'Vinfast' ,N'Xe ô tô 5 chỗ, số tự động' , 2019 , '000000000000' , N'TP.HCM' , 200000 , 1),
('Xe 12' , '' , 'Vinfast' ,N'Xe ô tô 5 chỗ, số tự động' , 2019 , '000000000000' , N'TP.HCM' , 200000 , 1),
('Xe 13' , '' , 'Vinfast' ,N'Xe ô tô 5 chỗ, số tự động' , 2019 , '000000000000' , N'TP.HCM' , 200000 , 1);
go

--=================
insert into Quiz(QuizID, LicenseID, [Name], [Description]) values
('Qz_A1' , 'A1' , N'Bộ đề A1' , N'Bộ đề 200 câu lí thuyết  dành cho thi bằng lái xe máy hạng A1, bao gồm cả các câu điểm liệt. Đề sẽ chọn 25 câu ngẫu nhiên trong 200 câu này để thi với thời gian làm bài là 19p.'),
('Qz_A2' , 'A2' , N'Bộ đề A2', N''),
('Qz_A3' , 'A3' , N'Bộ đề A3', N''),
('Qz_A4' , 'A4' , N'Bộ đề A4', N''),
('Qz_B1' , 'B1' , N'Bộ đề B1', N''),
('Qz_B2' , 'B2' , N'Bộ đề B2', N''),
('Qz_C' , 'C' , N'Bộ đề C', N''),
('Qz_D' , 'D' , N'Bộ đề D', N''),
('Qz_E' , 'E' , N'Bộ đề E', N''),
('Qz_FB2' , 'FB2' , N'Bộ đề FB2', N''),
('Qz_FC' , 'FC' , N'Bộ đề FC', N''),
('Qz_FD' , 'FD' , N'Bộ đề FD', N''),
('Qz_FE' , 'FE' , N'Bộ đề FE', N'');
go

--=================
--https://thibanglaixe24h.net/200-cau-hoi-thi-bang-lai-xe-may-a1/
insert into Question(QuizID,QuestionID,isCritical,QuestionImage ,QuestionText) values
('Qz_A1' , 'Ques_1' , 0  , 'none' , N'Phần của đường bộ được sử dụng cho các phương tiện giao thông qua lại là gì?'),
('Qz_A1' , 'Ques_2' , 0  , 'none' , N'“Làn đường” là gì?'),
('Qz_A1' , 'Ques_3' , 0  , 'none' , N'Trong các khái niệm dưới đây, “dải phân cách” được hiểu như thế nào là đúng?'),
('Qz_A1' , 'Ques_4' , 0  , 'none' , N'“Dải phân cách” trên đường bộ gồm những loại nào?'),
('Qz_A1' , 'Ques_5' , 0  , 'none' , N'Người lái xe được hiểu như thế nào trong các khái niệm dưới đây?'),
('Qz_A1' , 'Ques_6' , 0  , 'none' , N'Đường mà trên đó phương tiện tham gia giao thông được các phương tiện giao thông đến từ các hướng khác nhường đường khi qua nơi đường giao nhau, được cắm biển báo hiệu đường ưu tiên là loại đường gì?'),
('Qz_A1' , 'Ques_7' , 0  , 'none' , N'Khái niệm “phương tiện giao thông cơ giới đường bộ” được hiểu như thế nào là đúng?'),
('Qz_A1' , 'Ques_8' , 0  , 'none' , N'Khái niệm “phương tiện giao thông thô sơ đường bộ” được hiểu như thế nào là đúng?'),
('Qz_A1' , 'Ques_9' , 0  , 'none' , N'“Phương tiện tham gia giao thông đường bộ” gồm những loại nào?'),
('Qz_A1' , 'Ques_10' , 0  , 'none' , N'“Người tham gia giao thông đường bộ” gồm những đối tượng nào?'),
('Qz_A1' , 'Ques_11' , 0  , 'none' , N'“Người điều khiển phương tiện tham gia giao thông đường bộ” gồm những đối tượng nào dưới đây?'),
('Qz_A1' , 'Ques_12' , 0  , 'none' , N'Khái niệm “người điều khiển giao thông” được hiểu như thế nào là đúng?'),
('Qz_A1' , 'Ques_13' , 0  , 'none' , N'Trong các khái niệm dưới đây khái niệm “dừng xe” được hiểu như thế nào là đúng?'),
('Qz_A1' , 'Ques_14' , 0  , 'none' , N'Khái niệm “đỗ xe” được hiểu như thế nào là đúng?'),
('Qz_A1' , 'Ques_15' , 1  , 'none' , N'Cuộc đua xe chỉ được thực hiện khi nào?'),
('Qz_A1' , 'Ques_16' , 1  , 'none' , N'Người điều khiển phương tiện giao thông đường bộ mà trong cơ thể có chất ma túy có bị nghiêm cấm hay không?'),
('Qz_A1' , 'Ques_17' , 1  , 'none' , N'Sử dụng rượu, bia khi lái xe, nếu bị phát hiện thì bị xử lý như thế nào?'),
('Qz_A1' , 'Ques_18' , 1  , 'none' , N'Theo luật phòng chống tác hại của rượu, bia, đối tượng nào dưới đây bị cấm sử dụng rượu, bia khi tham gia giao thông?'),
('Qz_A1' , 'Ques_19' , 1  , 'none' , N'Hành vi điều khiển xe cơ giới chạy quá tốc độ quy định, giành đường, vượt ẩu có bị nghiêm cấm hay không?'),
('Qz_A1' , 'Ques_20' , 0  , 'none' , N'Khi lái xe trong khu đô thị và đông dân cư trừ các khu vực có biển cấm sử dụng còi, người lái xe được sử dụng còi như thế nào trong các trường hợp dưới đây?'),
('Qz_A1' , 'Ques_21' , 0  , 'none' , N'Người lái xe sử dụng đèn như thế nào khi lái xe trong khu đô thị và đông dân cư vào ban đêm?'),
('Qz_A1' , 'Ques_22' , 0  , 'none' , N'Trong trường hợp đặc biệt, để được lắp đặt, sử dụng còi, đèn không đúng với thiết kế của nhà sản xuất đối với từng loại xe cơ giới bạn phải đảm bảo yêu cầu nào dưới đây?'),
('Qz_A1' , 'Ques_23' , 1  , 'none' , N'Ở phần đường dành cho người đi bộ qua đường, trên cầu, đầu cầu, đường cao tốc, đường hẹp, đường dốc, tại nơi đường bộ giao nhau cùng mức với đường sắt có được quay đầu xe hay không?'),
('Qz_A1' , 'Ques_24' , 0  , 'none' , N'Bạn đang lái xe phía trước có một xe cảnh sát giao thông không phát tín hiệu ưu tiên bạn có được phép vượt hay không?'),
('Qz_A1' , 'Ques_25' , 0  , 'none' , N'Bạn đang lái xe phía trước có một xe cứu thương đang phát tín hiệu ưu tiên bạn có được phép vượt hay không?'),
('Qz_A1' , 'Ques_26' , 1  , 'none' , N'Người điều khiển xe mô tô hai bánh, ba bánh, xe gắn máy có được phép sử dụng xe để kéo hoặc đẩy các phương tiện khác khi tham gia giao thông không?'),
('Qz_A1' , 'Ques_27' , 1  , 'none' , N'Khi điều khiển xe mô tô hai bánh, xe mô tô ba bánh, xe gắn máy, những hành vi buông cả hai tay; sử dụng xe để kéo, đẩy xe khác, vật khác; sử dụng chân chống của xe quệt xuống đường khi xe đang chạy có được phép hay không?'),
('Qz_A1' , 'Ques_28' , 1  , 'none' , N'Khi điều khiển xe mô tô hai bánh, xe mô tô ba bánh, xe gắn máy, những hành vi nào không được phép?'),
('Qz_A1' , 'Ques_29' , 1  , 'none' , N'Người ngồi trên xe mô tô hai bánh, xe mô tô ba bánh, xe gắn máy khi tham gia giao thông có được mang, vác vật cồng kềnh hay không?'),
('Qz_A1' , 'Ques_30' , 1  , 'none' , N'Người ngồi trên xe mô tô hai bánh, xe mô tô ba bánh, xe gắn máy khi tham gia giao thông có được bám, kéo hoặc đẩy các phương tiện khác không?'),
('Qz_A1' , 'Ques_31' , 1  , 'none' , N'Người ngồi trên xe mô tô hai bánh, xe mô tô ba bánh, xe gắn máy khi tham gia giao thông có được sử dụng ô khi trời mưa hay không?'),
('Qz_A1' , 'Ques_32' , 1  , 'none' , N'Khi đang lên dốc người ngồi trên xe mô tô có được kéo theo người đang điều khiển xe đạp hay không?'),
('Qz_A1' , 'Ques_33' , 1  , 'none' , N'Hành vi sử dụng xe mô tô để kéo, đẩy xe mô tô khác bị hết xăng đến trạm mua xăng có được phép hay không?'),
('Qz_A1' , 'Ques_34' , 1  , 'none' , N'Hành vi vận chuyển đồ vật cồng kềnh bằng xe mô tô, xe gắn máy khi tham gia giao thông có được phép hay không?'),
('Qz_A1' , 'Ques_35' , 0  , 'none' , N'Người đủ bao nhiêu tuổi trở lên thì được điều khiển xe mô tô hai bánh, xe mô tô ba bánh có dung tích xi lanh từ 50 cm3 trở lên và các loại xe có kết cấu tương tự; xe ô tô tải, máy kéo có trọng tải dưới 3,5 tấn; xe ô tô chở người đến 9 chỗ ngồi?'),
('Qz_A1' , 'Ques_36' , 0  , 'none' , N'Người đủ 16 tuổi được điều khiển các loại xe nào dưới đây?'),
('Qz_A1' , 'Ques_37' , 0  , 'none' , N'Người có giấy phép lái xe mô tô hạng A1 không được phép điều khiển loại xe nào dưới đây?'),
('Qz_A1' , 'Ques_38' , 0  , 'none' , N'Người có giấy phép lái xe mô tô hạng A1 được phép điều khiển loại xe nào dưới đây?'),
('Qz_A1' , 'Ques_39' , 0  , 'none' , N'Biển báo hiệu có dạng hình tròn, viền đỏ, nền trắng, trên nền có hình vẽ hoặc chữ số, chữ viết màu đen là loại biển gì dưới đây?'),
('Qz_A1' , 'Ques_40' , 0  , 'none' , N'Biển báo hiệu có dạng tam giác đều, viền đỏ, nền màu vàng, trên có hình vẽ màu đen là loại biển gì dưới đây?'),
('Qz_A1' , 'Ques_41' , 0  , 'none' , N'Biển báo hiệu hình tròn có nền xanh lam có hình vẽ màu trắng là loại biển gì dưới đây?'),
('Qz_A1' , 'Ques_42' , 0  , 'none' , N'Biển báo hiệu hình chữ nhật hoặc hình vuông hoặc hình mũi tên nền xanh lam là loại biển gì dưới đây?'),
('Qz_A1' , 'Ques_43' , 0  , 'none' , N'Khi sử dụng giấy phép lái xe đã khai báo mất để điều khiển phương tiện cơ giới đường bộ, ngoài việc bị thu hồi giấy phép lái xe, chịu trách nhiệm trước pháp luật, người lái xe không được cấp giấy phép lái xe trong thời gian bao nhiêu năm?'),
('Qz_A1' , 'Ques_44' , 0  , 'none' , N'Khi gặp hiệu lệnh như dưới đây của cảnh sát giao thông thì người tham gia giao thông phải đi như thế nào là đúng quy tắc giao thông?'),
('Qz_A1' , 'Ques_45' , 0  , 'none' , N'Khi gặp hiệu lệnh như dưới đây của cảnh sát giao thông thì người tham gia giao thông phải đi như thế nào là đúng quy tắc giao thông?'),
('Qz_A1' , 'Ques_46' , 0  , 'none' , N'Tại nơi có biển báo hiệu cố định lại có báo hiệu tạm thời thì người tham gia giao thông phải chấp hành hiệu lệnh của báo hiệu nào?'),
('Qz_A1' , 'Ques_47' , 0  , 'none' , N'Trên đường có nhiều làn đường cho xe đi cùng chiều được phân biệt bằng vạch kẻ phân làn đường, người điều khiển phương tiện phải cho xe đi như thế nào?'),
('Qz_A1' , 'Ques_48' , 0  , 'none' , N'Trên đường một chiều có vạch kẻ phân làn đường, xe thô sơ và xe cơ giới phải đi như thế nào là đúng quy tắc giao thông? '),
('Qz_A1' , 'Ques_49' , 0  , 'none' , N'Bạn đang lái xe trong khu vực đô thi từ 22 giờ đến 5 giờ sáng hôm sau và cần vượt một xe khác, bạn cần báo hiệu như thế nào để đảm bảo an toàn giao thông?'),
('Qz_A1' , 'Ques_50' , 0  , 'none' , N'Khi điều khiển xe chạy trên đường biết có xe sau xin vượt nếu đủ điều kiện an toàn người lái xe phải làm gì?'),
('Qz_A1' , 'Ques_51' , 0  , 'none' , N'Khi muốn chuyển hướng, người lái xe phải thực hiện như thế nào để đảm bảo an toàn giao thông?'),
('Qz_A1' , 'Ques_52' , 0  , 'none' , N'Khi tránh xe đi ngược chiều, các xe phải nhường đường như thế nào là đúng quy tắc giao thông?'),
('Qz_A1' , 'Ques_53' , 0  , 'none' , N'Bạn đang lái xe trên đường hẹp, xuống dốc và gặp một xe đang đi lên dốc, bạn cần làm gì?'),
('Qz_A1' , 'Ques_54' , 0  , 'none' , N'Tại nơi đường giao nhau, người lái xe đang đi trên đường không ưu tiên phải nhường đường như thế nào là đúng quy tắc giao thông?'),
('Qz_A1' , 'Ques_55' , 0  , 'none' , N'Tại nơi đường giao nhau không có báo hiệu đi theo vòng xuyến, người điều khiển phương tiện phải nhường đường như thế nào là đúng quy tắc giao thông?'),
('Qz_A1' , 'Ques_56' , 0  , 'none' , N'Tại nơi đường bộ giao nhau cùng mức với đường sắt chỉ có đèn tín hiệu hoặc chuông báo hiệu, khi đèn tín hiệu màu đỏ đã bật sáng hoặc có tiếng chuông báo hiệu, người tham gia giao thông phải dừng lại ngay và giữ khoảng cách tối thiểu bao nhiêu mét tính từ ray gần nhất?'),
('Qz_A1' , 'Ques_57' , 0  , 'none' , N'Người điều khiển phương tiện tham gia giao thông trong hầm đường bộ ngoài việc phải tuân thủ các quy tắc giao thông còn phải thực hiện những quy định nào dưới đây?'),
('Qz_A1' , 'Ques_58' , 1  , 'none' , N'Người ngồi trên xe mô tô 2 bánh, xe gắn máy phải đội mũ bảo hiểm có cài quai đúng quy cách khi nào?'),
('Qz_A1' , 'Ques_59' , 0  , 'none' , N'Người điều khiển xe mô tô hai bánh, xe gắn máy được phép chở tối đa 2 người trong những trường hợp nào?'),
('Qz_A1' , 'Ques_60' , 0  , 'none' , N'Người điều khiển xe mô tô hai bánh, xe gắn máy không được thực hiện những hành vi nào dưới đây?'),
('Qz_A1' , 'Ques_61' , 1  , 'none' , N'Người điều khiển xe mô tô hai bánh, xe gắn máy có được đi xe dàn hàng ngang; xe đi vào phần đường dành cho người đi bộ và phương tiện khác; sử dụng ô, điện thoại di động, thiết bị âm thanh (trừ thiết bị trợ thính) hay không?'),
('Qz_A1' , 'Ques_62' , 0  , 'none' , N'Người lái xe phải giảm tốc độ thấp hơn tốc độ tối đa cho phép (có thể dừng lại một cách an toàn) trong trường hợp nào dưới đây?'),
('Qz_A1' , 'Ques_63' , 0  , 'none' , N'Tại ngã ba hoặc ngã tư không có đảo an toàn, người lái xe phải nhường đường như thế nào là đúng trong các trường hợp dưới đây?'),
('Qz_A1' , 'Ques_64' , 0  , 'none' , N'Khi điều khiển xe cơ giới, người lái xe phải bật đèn tín hiệu báo rẽ trong trường hợp nào sau đây?'),
('Qz_A1' , 'Ques_65' , 0  , 'none' , N'Trên đoạn đường hai chiều không có giải phân cách giữa, người lái xe không được vượt xe khác trong các trường hợp nào dưới đây?'),
('Qz_A1' , 'Ques_66' , 0  , 'none' , N'Người lái xe mô tô xử lý như thế nào khi cho xe mô tô phía sau vượt?'),
('Qz_A1' , 'Ques_67' , 0  , 'none' , N'Trong các trường hợp dưới đây, để bảo đảm an toàn khi tham gia giao thông, người lái xe mô tô cần thực hiện như thế nào?'),
('Qz_A1' , 'Ques_68' , 0  , 'none' , N'Đường bộ trong khu vực đông dân cư gồm những đoạn đường nào dưới đây?'),
('Qz_A1' , 'Ques_69' , 0  , 'none' , N'Tốc độ tối đa cho phép đối với xe máy chuyên dùng, xe gắn máy (kể cả xe máy điện) và các loại xe tương tự trên đường bộ (trừ đường cao tốc) không được vượt quá bao nhiêu km/h?'),
('Qz_A1' , 'Ques_70' , 0  , 'none' , N'Trên đường bộ (trừ đường cao tốc) trong khu vực đông dân cư, đường đôi có dải phân cách giữa, xe mô tô hai bánh, ô tô chở người đến 30 chỗ tham gia giao thông với tốc độ tối đa cho phép là bao nhiêu?'),
('Qz_A1' , 'Ques_71' , 0  , 'none' , N'Trên đường bộ (trừ đường cao tốc) trong khu vực đông dân cư, đường hai chiều không có dải phân cách giữa, xe mô tô hai bánh, ô tô chở người đến 30 chỗ tham gia giao thông với tốc độ tối đa cho phép là bao nhiêu?'),
('Qz_A1' , 'Ques_72' , 0  , 'none' , N'Trên đường bộ (trừ đường cao tốc) trong khu vực đông dân cư, đường hai chiều hoặc đường một chiều có một làn xe cơ giới, loại xe nào dưới đây được tham gia giao thông với tốc độ tối đa cho phép là 50 km/h?'),
('Qz_A1' , 'Ques_73' , 0  , 'none' , N'Khi điều khiển xe chạy với tốc độ dưới 60 km/h, để đảm bảo khoảng cách an toàn giữa hai xe, người lái xe phải điều khiển xe như thế nào?'),
('Qz_A1' , 'Ques_74' , 0  , 'none' , N'Người lái xe phải giảm tốc độ thấp hơn tốc độ tối đa cho phép đến mức cần thiết, chú ý quan sát và chuẩn bị sẵn sàng những tình huống có thể xảy ra để phòng ngừa tai nạn trong các trường hợp nào dưới đây?'),
('Qz_A1' , 'Ques_75' , 0  , 'none' , N'Các phương tiện tham gia giao thông đường bộ (kể cả những xe có quyền ưu tiên) đều phải dừng lại bên phải đường của mình và trước vạch “dừng xe” tại các điểm giao cắt giữa đường bộ và đường sắt khi có báo hiệu dừng nào dưới đây?'),
('Qz_A1' , 'Ques_76' , 0  , 'none' , N'Tác dụng của mũ bảo hiểm đối với người ngồi trên xe mô tô hai bánh trong trường hợp xảy ra tai nạn giao thông là gì?'),
('Qz_A1' , 'Ques_77' , 0  , 'none' , N'Tại nơi đường giao nhau, người lái xe đang đi trên đường không ưu tiên phải xử lý như thế nào là đúng quy tắc giao thông?'),
('Qz_A1' , 'Ques_78' , 1  , 'none' , N'Người lái xe phải xử lý như thế nào khi quan sát phía trước thấy người đi bộ đang sang đường tại nơi có vạch đường dành cho người đi bộ để đảm bảo an toàn?'),
('Qz_A1' , 'Ques_79' , 0  , 'none' , N'Theo Luật Giao thông đường bộ, tín hiệu đèn giao thông gồm 3 màu nào dưới đây?'),
('Qz_A1' , 'Ques_80' , 0  , 'none' , N'Tại nơi đường giao nhau, khi đèn điều khiển giao thông có tín hiệu màu vàng, người điều khiển giao thông phải chấp hành như thế nào là đúng quy tắc giao thông?'),
('Qz_A1' , 'Ques_81' , 0  , 'none' , N'Để báo hiệu cho xe phía trước biết xe mô tô của bạn muốn vượt, bạn phải có tín hiệu như thế nào dưới đây?'),
('Qz_A1' , 'Ques_82' , 0  , 'none' , N'Người điều khiển xe mô tô phải giảm tốc độ và hết sức thận trọng khi qua những đoạn đường nào dưới đây?'),
('Qz_A1' , 'Ques_83' , 0  , 'none' , N'Khi gặp xe buýt đang dừng đón, trả khách, người điều khiển xe mô tô phải xử lý như thế nào dưới đây để đảm bảo an toàn giao thông?'),
('Qz_A1' , 'Ques_84' , 0  , 'none' , N'Khái niệm về văn hóa giao thông được hiểu như thế nào là đúng?'),
('Qz_A1' , 'Ques_85' , 0  , 'none' , N'Trong các hành vi dưới đây, người lái xe mô tô có văn hóa giao thông phải ứng xử như thế nào?'),
('Qz_A1' , 'Ques_86' , 0  , 'none' , N'Trong các hành vi dưới đây, người lái xe ô tô, mô tô có văn hóa giao thông phải ứng xử như thế nào?'),
('Qz_A1' , 'Ques_87' , 0  , 'none' , N'Khi xảy ra tai nạn giao thông, có người bị thương nghiêm trọng, người lái xe và người có mặt tại hiện trường vụ tai nạn phải thực hiện các công việc gì dưới đây?'),
('Qz_A1' , 'Ques_88' , 0  , 'none' , N'Trên đường đang xảy ra ùn tắc có những hành vi nào sau đây là thiếu văn hóa khi tham gia giao thông?'),
('Qz_A1' , 'Ques_89' , 1  , 'none' , N'Khi điều khiển xe mô tô tay ga chạy xuống đường dốc dài, độ dốc cao, người lái xe cần thực hiện những thao tác nào dưới đây để đảm bảo an toàn?'),
('Qz_A1' , 'Ques_90' , 0  , 'none' , N'Khi quay đầu xe, người lái xe cần phải quan sát và thực hiện các thao tác nào để đảm bảo an toàn giao thông?'),
('Qz_A1' , 'Ques_91' , 0  , 'none' , N'Khi tránh nhau trên đường hẹp, người lái xe cần phải chú ý những điểm nào để đảm bảo an toàn giao thông?'),
('Qz_A1' , 'Ques_92' , 0  , 'none' , N'Khi điều khiển xe trên đường vòng người lái xe cần phải làm gì để đảm bảo an toàn?'),
('Qz_A1' , 'Ques_93' , 0  , 'none' , N'Để đạt được hiệu quả phanh cao nhất, người lái xe mô tô phải sử dụng các kỹ năng như thế nào dưới đây?'),
('Qz_A1' , 'Ques_94' , 1  , 'none' , N'Khi đang lái xe mô tô và ô tô, nếu có nhu cầu sử dụng điện thoại để nhắn tin hoặc gọi điện, người lái xe phải thực hiện như thế nào trong các tình huống nêu dưới đây?'),
('Qz_A1' , 'Ques_95' , 0  , 'none' , N'Những thói quen nào dưới đây khi điều khiển xe mô tô tay ga tham gia giao thông dễ gây tai nạn nguy hiểm?'),
('Qz_A1' , 'Ques_96' , 0  , 'none' , N'Khi điều khiển xe mô tô quay đầu người lái xe cần thực hiện như thế nào để đảm bảo an toàn?'),
('Qz_A1' , 'Ques_97' , 0  , 'none' , N'Tay ga trên xe mô tô hai bánh có tác dụng gì trong các trường hợp dưới đây?'),
('Qz_A1' , 'Ques_98' , 0  , 'none' , N'Gương chiếu hậu của xe mô tô hai bánh có tác dụng gì trong các trường hợp dưới đây?'),
('Qz_A1' , 'Ques_99' , 0  , 'none' , N'Để đảm bảo an toàn khi tham gia giao thông, người lái xe mô tô hai bánh cần điều khiển tay ga như thế nào trong các trường hợp dưới đây?'),
('Qz_A1' , 'Ques_100' , 0  , 'none' , N'Kỹ thuật cơ bản để giữ thăng bằng khi điều khiển xe mô tô đi trên đường gồ ghề như thế nào trong các trường hợp dưới đây?'),
('Qz_A1' , 'Ques_101' , 0  , 'none' , N'Biển nào dưới đây xe gắn máy được phép đi vào?'),
('Qz_A1' , 'Ques_102' , 0  , 'none' , N'Biển nào báo hiệu cấm xe mô tô hai bánh đi vào?'),
('Qz_A1' , 'Ques_103' , 0  , 'none' , N'Khi gặp biển nào thì xe mô tô hai bánh được đi vào?'),
('Qz_A1' , 'Ques_104' , 0  , 'none' , N'Biển nào cấm quay đầu xe?'),
('Qz_A1' , 'Ques_105' , 0  , 'none' , N'Biển nào cấm xe rẽ trái?'),
('Qz_A1' , 'Ques_106' , 0  , 'none' , N'Khi gặp biển nào xe được rẽ trái?'),
('Qz_A1' , 'Ques_107' , 0  , 'none' , N'Biển nào cấm các phương tiện giao thông đường bộ rẽ phải?'),
('Qz_A1' , 'Ques_108' , 0  , 'none' , N'Biển nào cấm các phương tiện giao thông đường bộ rẽ trái?'),
('Qz_A1' , 'Ques_109' , 0  , 'none' , N'Biển nào cho phép xe rẽ trái?'),
('Qz_A1' , 'Ques_110' , 0  , 'none' , N'Biển nào xe được phép quay đầu nhưng không được rẽ trái?'),
('Qz_A1' , 'Ques_111' , 0  , 'none' , N'Biển nào xe được phép quay đầu nhưng không được rẽ trái ?'),
('Qz_A1' , 'Ques_112' , 0  , 'none' , N'Biển nào là biển “Cấm đi ngược chiều”?'),
('Qz_A1' , 'Ques_113' , 0  , 'none' , N'Biển nào dưới đây các phương tiện không được phép đi vào?'),
('Qz_A1' , 'Ques_114' , 0  , 'none' , N'Khi gặp biển nào xe ưu tiên theo luật định vẫn phải dừng lại?'),
('Qz_A1' , 'Ques_115' , 0  , 'none' , N'Biển nào cấm tất cả các loại xe cơ giới và thô sơ đi lại trên đường, trừ xe ưu tiên theo luật định (nếu đường vẫn cho xe chạy được)?'),
('Qz_A1' , 'Ques_116' , 0  , 'none' , N'Gặp biển nào xe xích lô được phép đi vào?'),
('Qz_A1' , 'Ques_117' , 0  , 'none' , N'Gặp biển nào xe lam, xe xích lô máy được phép đi vào?'),
('Qz_A1' , 'Ques_118' , 0  , 'none' , N'Biển báo này có ý nghĩa như thế nào?'),
('Qz_A1' , 'Ques_119' , 0  , 'none' , N'Chiều dài đoạn đường 500 m từ nơi đặt biển này, người lái xe có được phép bấm còi không?'),
('Qz_A1' , 'Ques_120' , 0  , 'none' , N'Biển nào xe mô tô hai bánh được đi vào?'),
('Qz_A1' , 'Ques_121' , 0  , 'none' , N'Biển nào xe mô tô hai bánh không được đi vào?'),
('Qz_A1' , 'Ques_122' , 0  , 'none' , N'Biển báo nào báo hiệu bắt đầu đoạn đường vào phạm vi khu dân cư, các phương tiện tham gia giao thông phải tuân theo các quy định đi đường được áp dụng ở khu đông dân cư?'),
('Qz_A1' , 'Ques_123' , 0  , 'none' , N'Gặp biển nào người lái xe phải nhường đường cho người đi bộ ?'),
('Qz_A1' , 'Ques_124' , 0  , 'none' , N'Biển nào chỉ đường dành cho người đi bộ, các loại xe không được đi vào khi gặp biển này?'),
('Qz_A1' , 'Ques_125' , 0  , 'none' , N'Biển nào báo hiệu “Đường dành cho xe thô sơ”?'),
('Qz_A1' , 'Ques_126' , 0  , 'none' , N'Biển nào báo hiệu sắp đến chỗ giao nhau nguy hiểm?'),
('Qz_A1' , 'Ques_127' , 0  , 'none' , N'Biển nào báo hiệu “Giao nhau với đường sắt có rào chắn”?'),
('Qz_A1' , 'Ques_128' , 0  , 'none' , N'Biển nào báo hiệu “Giao nhau với tín hiệu đèn”?'),
('Qz_A1' , 'Ques_129' , 0  , 'none' , N'Biển nào báo hiệu nguy hiểm giao nhau với đường sắt?'),
('Qz_A1' , 'Ques_130' , 0  , 'none' , N'Biển nào báo hiệu đường sắt giao nhau với đường bộ không có rào chắn?'),
('Qz_A1' , 'Ques_131' , 0  , 'none' , N'Biển nào báo hiệu sắp đến chỗ giao nhau giữa đường bộ và đường sắt?'),
('Qz_A1' , 'Ques_132' , 0  , 'none' , N'Biển nào báo hiệu, chỉ dẫn xe đi trên đường này được quyền ưu tiên qua nơi giao nhau?'),
('Qz_A1' , 'Ques_133' , 0  , 'none' , N'Biển nào báo hiệu “Giao nhau với đường không ưu tiên”?'),
('Qz_A1' , 'Ques_134' , 0  , 'none' , N'Biển nào báo hiệu “Giao nhau với đường ưu tiên”?'),
('Qz_A1' , 'Ques_135' , 0  , 'none' , N'Biển nào báo hiệu “Đường bị thu hẹp”?'),
('Qz_A1' , 'Ques_136' , 0  , 'none' , N'Khi gặp biển nào, người lái xe phải giảm tốc độ, chú ý xe đi ngược chiều, xe đi ở phía đường bị hẹp phải nhường đường cho xe đi ngược chiều?'),
('Qz_A1' , 'Ques_137' , 0  , 'none' , N'Biển nào báo hiệu “Đường giao nhau” của các tuyến đường cùng cấp?'),
('Qz_A1' , 'Ques_138' , 0  , 'none' , N'Biển nào báo hiệu “Đường đôi”?'),
('Qz_A1' , 'Ques_139' , 0  , 'none' , N'Biển nào báo hiệu “Đường đôi”?'),
('Qz_A1' , 'Ques_140' , 0  , 'none' , N'Biển nào báo hiệu “Giao nhau với đường hai chiều”?'),
('Qz_A1' , 'Ques_141' , 0  , 'none' , N'Biển nào báo hiệu “Đường hai chiều”?'),
('Qz_A1' , 'Ques_142' , 0  , 'none' , N'Biển nào báo hiệu “Giao nhau với đường hai chiều”?'),
('Qz_A1' , 'Ques_143' , 0  , 'none' , N'Biển nào báo hiệu “Chú ý chướng ngại vật”?'),
('Qz_A1' , 'Ques_144' , 0  , 'none' , N'Gặp biển nào người tham gia giao thông phải đi chậm và thận trọng đề phòng khả năng xuất hiện và di chuyển bất ngờ của trẻ em trên mặt đường?'),
('Qz_A1' , 'Ques_145' , 0  , 'none' , N'Biển nào chỉ dẫn nơi bắt đầu đoạn đường dành cho người đi bộ?'),
('Qz_A1' , 'Ques_146' , 0  , 'none' , N'Biển báo này có ý nghĩa gì?'),
('Qz_A1' , 'Ques_147' , 0  , 'none' , N'Biển nào (đặt trước ngã ba, ngã tư) cho phép xe được rẽ sang hướng khác?'),
('Qz_A1' , 'Ques_148' , 0  , 'none' , N'Biển nào báo hiệu “Hướng đi thẳng phải theo”?'),
('Qz_A1' , 'Ques_149' , 0  , 'none' , N'Biển nào báo hiệu “Đường một chiều”?'),
('Qz_A1' , 'Ques_150' , 0  , 'none' , N'Trong các biển dưới đây biển nào là biển “Hết tốc độ tối đa cho phép”?'),
('Qz_A1' , 'Ques_151' , 0  , 'none' , N'Hiệu lực của biển “Tốc độ tối đa cho phép” hết tác dụng khi gặp biển nào dưới đây?'),
('Qz_A1' , 'Ques_152' , 0  , 'none' , N'Trong các biển dưới đây biển nào là biển “Hết tốc độ tối thiểu”?'),
('Qz_A1' , 'Ques_153' , 0  , 'none' , N'Biển nào dưới đây báo hiệu hết cấm vượt?'),
('Qz_A1' , 'Ques_154' , 0  , 'none' , N'Trong các biển dưới đây biển nào là biển “Hết mọi lệnh cấm”?'),
('Qz_A1' , 'Ques_155' , 0  , 'none' , N'Biển nào chỉ dẫn cho người đi bộ sử dụng cầu vượt qua đường?'),
('Qz_A1' , 'Ques_156' , 0  , 'none' , N'Biển nào chỉ dẫn cho người đi bộ sử dụng hầm chui qua đường?'),
('Qz_A1' , 'Ques_157' , 0  , 'none' , N'Biển nào báo hiệu “Nơi đỗ xe dành cho người khuyết tật”?'),
('Qz_A1' , 'Ques_158' , 0  , 'none' , N'Gặp biển báo này, người tham gia giao thông phải xử lý như thế nào?'),
('Qz_A1' , 'Ques_159' , 0  , 'none' , N'Biển số 1 có ý nghĩa gì?'),
('Qz_A1' , 'Ques_160' , 0  , 'none' , N'Vạch kẻ đường nào dưới đây là vạch phân chia các làn xe cùng chiều?'),
('Qz_A1' , 'Ques_161' , 0  , 'none' , N'Vạch kẻ đường nào dưới đây là vạch phân chia hai chiều xe chạy (vạch tim đường), xe không được lấn làn, không được đè lên vạch?'),
('Qz_A1' , 'Ques_162' , 0  , 'none' , N'Vạch kẻ đường nào dưới đây là vạch phân chia hai chiều xe chạy (vạch tim đường)?'),
('Qz_A1' , 'Ques_163' , 0  , 'none' , N'Các vạch dưới đây có tác dụng gì?'),
('Qz_A1' , 'Ques_164' , 0  , 'none' , N'Khi gặp vạch kẻ đường nào các xe được phép đè vạch?'),
('Qz_A1' , 'Ques_165' , 0  , 'none' , N'Vạch dưới đây có ý nghĩa gì?'),
('Qz_A1' , 'Ques_166' , 0  , 'none' , N'Thứ tự các xe đi như thế nào là đúng quy tắc giao thông?'),
('Qz_A1' , 'Ques_167' , 0  , 'none' , N'Thứ tự các xe đi như thế nào là đúng quy tắc giao thông?'),
('Qz_A1' , 'Ques_168' , 0  , 'none' , N'Trường hợp này xe nào được quyền đi trước?'),
('Qz_A1' , 'Ques_169' , 0  , 'none' , N'Xe nào được quyền đi trước trong trường hợp này?'),
('Qz_A1' , 'Ques_170' , 0  , 'none' , N'Theo tín hiệu đèn, xe nào được phép đi?'),
('Qz_A1' , 'Ques_171' , 0  , 'none' , N'Các xe đi theo hướng mũi tên, xe nào vi phạm quy tắc giao thông?'),
('Qz_A1' , 'Ques_172' , 0  , 'none' , N'Thứ tự các xe đi như thế nào là đúng quy tắc giao thông?'),
('Qz_A1' , 'Ques_173' , 0  , 'none' , N'Trong trường hợp này xe nào đỗ vi phạm quy tắc giao thông?'),
('Qz_A1' , 'Ques_174' , 0  , 'none' , N'Theo hướng mũi tên, những hướng nào xe gắn máy đi được?'),
('Qz_A1' , 'Ques_175' , 0  , 'none' , N'Xe nào đỗ vi phạm quy tắc giao thông?'),
('Qz_A1' , 'Ques_176' , 0  , 'none' , N'Xe nào đỗ vi phạm quy tắc giao thông?'),
('Qz_A1' , 'Ques_177' , 0  , 'none' , N'Xe tải kéo mô tô ba bánh như hình này có đúng quy tắc giao thông không?'),
('Qz_A1' , 'Ques_178' , 0  , 'none' , N'Xe nào được quyền đi trước trong trường hợp này?'),
('Qz_A1' , 'Ques_179' , 0  , 'none' , N'Thứ tự các xe đi như thế nào là đúng quy tắc giao thông?'),
('Qz_A1' , 'Ques_180' , 0  , 'none' , N'Xe nào được quyền đi trước trong trường hợp này?'),
('Qz_A1' , 'Ques_181' , 0  , 'none' , N'Xe nào vi phạm quy tắc giao thông?'),
('Qz_A1' , 'Ques_182' , 0  , 'none' , N'Các xe đi như thế nào là đúng quy tắc giao thông?'),
('Qz_A1' , 'Ques_183' , 0  , 'none' , N'Theo hướng mũi tên, xe nào được phép đi?'),
('Qz_A1' , 'Ques_184' , 0  , 'none' , N'Trong hình dưới đây, xe nào chấp hành đúng quy tắc giao thông?'),
('Qz_A1' , 'Ques_185' , 0  , 'none' , N'Theo hướng mũi tên, những hướng nào xe mô tô được phép đi?'),
('Qz_A1' , 'Ques_186' , 0  , 'none' , N'Trong trường hợp này, thứ tự xe đi như thế nào là đúng quy tắc giao thông?'),
('Qz_A1' , 'Ques_187' , 0  , 'none' , N'Trong hình dưới, những xe nào vi phạm quy tắc giao thông?'),
('Qz_A1' , 'Ques_188' , 0  , 'none' , N'Trong hình dưới, những xe nào vi phạm quy tắc giao thông?'),
('Qz_A1' , 'Ques_189' , 0  , 'none' , N'Bạn có được phép vượt xe mô tô phía trước không?'),
('Qz_A1' , 'Ques_190' , 0  , 'none' , N'Theo tín hiệu đèn của xe cơ giới, xe nào vi phạm quy tắc giao thông?'),
('Qz_A1' , 'Ques_191' , 0  , 'none' , N'Các xe đi theo hướng mũi tên, xe nào vi phạm quy tắc giao thông?'),
('Qz_A1' , 'Ques_192' , 0  , 'none' , N'Các xe đi theo hướng mũi tên, xe nào vi phạm quy tắc giao thông?'),
('Qz_A1' , 'Ques_193' , 0  , 'none' , N'Các xe đi theo hướng mũi tên, xe nào vi phạm quy tắc giao thông?'),
('Qz_A1' , 'Ques_194' , 0  , 'none' , N'Các xe đi theo hướng mũi tên, xe nào chấp hành đúng quy tắc giao thông?'),
('Qz_A1' , 'Ques_195' , 0  , 'none' , N'Các xe đi theo thứ tự nào là đúng quy tắc giao thông đường bộ?'),
('Qz_A1' , 'Ques_196' , 0  , 'none' , N'Các xe đi theo thứ tự nào là đúng quy tắc giao thông đường bộ?'),
('Qz_A1' , 'Ques_197' , 0  , 'none' , N'Bạn xử lý như thế nào trong trường hợp này?'),
('Qz_A1' , 'Ques_198' , 0  , 'none' , N'Xe nào dừng đúng theo quy tắc giao thông?'),
('Qz_A1' , 'Ques_199' , 0  , 'none' , N'Xe của bạn đang di chuyển gần đến khu vực giao cắt với đường sắt, khi rào chắn đang dịch chuyển, bạn điều khiển xe như thế nào là đúng quy tắc giao thông?'),
('Qz_A1' , 'Ques_200' , 0  , 'none' , N'Trong tình huống dưới đây, xa đầu kéo kéo rơ moóc (xe container) đang rẽ phải, xe con màu xanh và xe máy phía sau xe container đi như thế nào để đảm bảo an toàn?');
go

--=================
insert into Answer(QuestionID,AnswerID,isChose,isCorrect,AnswerImage,AnswerText) values
('Ques_1' , 'Ans_1' , 0 , 0 , 'none' , N'Phần mặt đường và lề đường.'),
('Ques_1' , 'Ans_2' , 0 , 1 , 'none' , N'Phần đường xe chạy.'),
('Ques_1' , 'Ans_3' , 0 , 0 , 'none' , N'Phần đường xe cơ giới.'),
('Ques_2' , 'Ans_1' , 0 , 0 , 'none' , N'Là một phần của phần đường xe chạy được chia theo chiều dọc của đường, sử dụng cho xe chạy.'),
('Ques_2' , 'Ans_2' , 0 , 1 , 'none' , N'Là một phần của phần đường xe chạy được chia theo chiều dọc của đường, có bề rộng đủ cho xe chạy an toàn.'),
('Ques_2' , 'Ans_3' , 0 , 0 , 'none' , N'Là đường cho xe ô tô chạy, dừng, đỗ an toàn.'),
('Ques_3' , 'Ans_1' , 0 , 0 , 'none' , N'Là bộ phận của đường để ngăn cách không cho các loại xe vào những nơi không được phép.'),
('Ques_3' , 'Ans_2' , 0 , 0 , 'none' , N'Là bộ phận của đường để phân tách phần đường xe chạy và hành lang an toàn giao thông.'),
('Ques_3' , 'Ans_3' , 0 , 1 , 'none' , N'Là bộ phận của đường để phân chia mặt đường thành hai chiều xe chạy riêng biệt hoặc để phân chia phần đường của xe cơ giới và xe thô sơ.'),
('Ques_4' , 'Ans_1' , 0 , 1 , 'none' , N'Dải phân cách gồm loại cố định và loại di động.'),
('Ques_4' , 'Ans_2' , 0 , 0 , 'none' , N'Dải phân cách gồm tường chống ồn, hộ lan cứng và hộ lan mềm.'),
('Ques_4' , 'Ans_3' , 0 , 0 , 'none' , N'Dải phân cách gồm giá long môn và biển báo hiệu đường bộ.'),
('Ques_5' , 'Ans_1' , 0 , 1 , 'none' , N'Là người điều khiển xe cơ giới.'),
('Ques_5' , 'Ans_2' , 0 , 0 , 'none' , N'Là người điều khiển xe thô sơ.'),
('Ques_5' , 'Ans_3' , 0 , 0 , 'none' , N'Là người điều khiển xe có súc vật kéo.'),
('Ques_6' , 'Ans_1' , 0 , 0 , 'none' , N'Đường không ưu tiên'),
('Ques_6' , 'Ans_2' , 0 , 0 , 'none' , N'Đường tỉnh lộ.'),
('Ques_6' , 'Ans_3' , 0 , 0 , 'none' , N'Đường quốc lộ.'),
('Ques_6' , 'Ans_4' , 0 , 1 , 'none' , N'Đường ưu tiên.'),
('Ques_7' , 'Ans_1' , 0 , 0 , 'none' , N'Gồm xe ô tô; máy kéo; xe mô tô hai bánh; xe mô tô ba bánh; xe gắn máy; xe cơ giới dùng cho người khuyết tật và xe máy chuyên dùng.'),
('Ques_7' , 'Ans_2' , 0 , 1 , 'none' , N'Gồm ô tô; máy kéo; rơ moóc hoặc sơ mi rơ moóc được kéo bởi xe ô tô, máy kéo; xe mô tô hai bánh; xe mô tô ba bánh, xe gắn máy (kể cả xe máy điện) và các loại xe tương tự.'),
('Ques_8' , 'Ans_1' , 0 , 1 , 'none' , N'Gồm xe đạp (kể cả xe đạp máy, xe đạp điện), xe xích lô, xe lăn dùng cho người khuyết tật, xe súc vật kéo và các loại xe tương tự.'),
('Ques_8' , 'Ans_2' , 0 , 0 , 'none' , N'Gồm xe đạp (kể cả xe đạp máy, xe đạp điện), xe gắn máy, xe cơ giới dùng cho người khuyết tật và xe máy chuyên dùng.'),
('Ques_8' , 'Ans_3' , 0 , 0 , 'none' , N'Gồm xe ô tô, máy kéo, rơ moóc hoặc sơ mi rơ moóc được kéo bởi xe ô tô, máy kéo.'),
('Ques_9' , 'Ans_1' , 0 , 0 , 'none' , N'Phương tiện giao thông cơ giới đường bộ.'),
('Ques_9' , 'Ans_2' , 0 , 0 , 'none' , N'Phương tiện giao thông thô sơ đường bộ và xe máy chuyên dùng.'),
('Ques_9' , 'Ans_3' , 0 , 1 , 'none' , N'Cả ý 1 và ý 2.'),
('Ques_10' , 'Ans_1' , 0 , 0 , 'none' , N'Người điều khiển, người sử dụng phương tiện tham gia giao thông đường bộ.'),
('Ques_10' , 'Ans_2' , 0 , 0 , 'none' , N'Người điều khiển, dẫn dắt súc vật; người đi bộ trên đường bộ.'),
('Ques_10' , 'Ans_3' , 0 , 1 , 'none' , N'Cả ý 1 và ý 2.'),
('Ques_11' , 'Ans_1' , 0 , 0 , 'none' , N'Người điều khiển xe cơ giới, người điều khiển xe thô sơ.'),
('Ques_11' , 'Ans_2' , 0 , 0 , 'none' , N'Người điều khiển xe máy chuyên dùng tham gia giao thông đường bộ.'),
('Ques_11' , 'Ans_3' , 0 , 1 , 'none' , N'Cả ý 1 và ý 2.'),
('Ques_12' , 'Ans_1' , 0 , 0 , 'none' , N'Là người điều khiển phương tiện tham gia giao thông tại nơi thi công, nơi ùn tắc giao thông, ở bến phà, tại cầu đường bộ đi chung với đường sắt.'),
('Ques_12' , 'Ans_2' , 0 , 1 , 'none' , N'Là cảnh sát giao thông, người được giao nhiệm vụ hướng dẫn giao thông tại nơi thi công, nơi ùn tắc giao thông, ở bến phà, tại cầu đường bộ đi chung với đường sắt.'),
('Ques_12' , 'Ans_3' , 0 , 0 , 'none' , N'Là người tham gia giao thông tại nơi thi công, nơi ùn tắc giao thông, ở bến phà, tại cầu đường bộ đi chung với đường sắt.'),
('Ques_13' , 'Ans_1' , 0 , 0 , 'none' , N'Là trạng thái đứng yên của phương tiện giao thông không giới hạn thời gian để cho người lên, xuống phương tiện, xếp dỡ hàng hóa hoặc thực hiện công việc khác.'),
('Ques_13' , 'Ans_2' , 0 , 1 , 'none' , N'Là trạng thái đứng yên tạm thời của phương tiện giao thông trong một khoảng thời gian cần thiết đủ để cho người lên, xuống phương tiện, xếp dỡ hàng hóa hoặc thực hiện công việc khác.'),
('Ques_13' , 'Ans_3' , 0 , 0 , 'none' , N'Là trạng thái đứng yên của phương tiện giao thông không giới hạn thời gian giữa 02 lần vận chuyển hàng hóa hoặc hành khách.'),
('Ques_14' , 'Ans_1' , 0 , 0 , 'none' , N'Là trạng thái đứng yên của phương tiện giao thông có thời hạn trong một khoảng thời gian cần thiết đủ để cho người lên, xuống phương tiện, xếp dỡ hàng hóa hoặc thực hiện công việc khác.'),
('Ques_14' , 'Ans_2' , 0 , 1 , 'none' , N'Là trạng thái đứng yên của phương tiện giao thông không giới hạn thời gian.'),
('Ques_15' , 'Ans_1' , 0 , 0 , 'none' , N'Diễn ra trên đường phố không có người qua lại.'),
('Ques_15' , 'Ans_2' , 0 , 0 , 'none' , N'Được người dân ủng hộ.'),
('Ques_15' , 'Ans_3' , 0 , 1 , 'none' , N'Được cơ quan có thẩm quyền cấp phép.'),
('Ques_16' , 'Ans_1' , 0 , 1 , 'none' , N'Bị nghiêm cấm.'),
('Ques_16' , 'Ans_2' , 0 , 0 , 'none' , N'Không bị nghiêm cấm.'),
('Ques_16' , 'Ans_3' , 0 , 0 , 'none' , N'Không bị nghiêm cấm, nếu có chất ma túy ở mức nhẹ, có thể điều khiển phương tiện tham gia giao thông.'),
('Ques_17' , 'Ans_1' , 0 , 0 , 'none' , N'Chỉ bị nhắc nhở.'),
('Ques_17' , 'Ans_2' , 0 , 1 , 'none' , N'Bị xử phạt hành chính hoặc có thể bị xử lý hình sự tùy theo mức độ vi phạm.'),
('Ques_17' , 'Ans_3' , 0 , 0 , 'none' , N'Không bị xử lý hình sự.'),
('Ques_18' , 'Ans_1' , 0 , 1 , 'none' , N'Người điều khiển: Xe ô tô, xe mô tô, xe đạp, xe gắn máy.'),
('Ques_18' , 'Ans_2' , 0 , 0 , 'none' , N'Người ngồi phía sau người điều khiển xe cơ giới.'),
('Ques_18' , 'Ans_3' , 0 , 0 , 'none' , N'Người đi bộ.'),
('Ques_18' , 'Ans_4' , 0 , 0 , 'none' , N'Cả ý 1 và ý 2.'),
('Ques_19' , 'Ans_1' , 0 , 0 , 'none' , N'Bị nghiêm cấm tùy trường hợp.'),
('Ques_19' , 'Ans_2' , 0 , 0 , 'none' , N'Không bị nghiêm cấm.'),
('Ques_19' , 'Ans_3' , 0 , 1 , 'none' , N'Bị nghiêm cấm.'),
('Ques_20' , 'Ans_1' , 0 , 0 , 'none' , N'Từ 22 giờ đêm đến 5 giờ sáng.'),
('Ques_20' , 'Ans_2' , 0 , 1 , 'none' , N'Từ 5 giờ sáng đến 22 giờ tối.'),
('Ques_20' , 'Ans_3' , 0 , 0 , 'none' , N'Từ 23 giờ đêm đến 5 giờ sáng hôm sau.'),
('Ques_21' , 'Ans_1' , 0 , 0 , 'none' , N'Bất cứ đèn nào miễn là mắt nhìn rõ phía trước.'),
('Ques_21' , 'Ans_2' , 0 , 0 , 'none' , N'Chỉ bật đèn chiếu xa (đèn pha) khi không nhìn rõ đường.'),
('Ques_21' , 'Ans_3' , 0 , 0 , 'none' , N'Đèn chiếu xa (đèn pha) khi đường vắng, đèn pha chiếu gần (đèn cốt) khi có xe đi ngược chiều.'),
('Ques_21' , 'Ans_4' , 0 , 1 , 'none' , N'Đèn chiếu gần (đèn cốt).'),
('Ques_22' , 'Ans_1' , 0 , 0 , 'none' , N'Phải đảm bảo phụ tùng do đúng nhà sản xuất đó cung cấp.'),
('Ques_22' , 'Ans_2' , 0 , 1 , 'none' , N'Phải được chấp thuận của cơ quan có thẩm quyền.'),
('Ques_22' , 'Ans_3' , 0 , 0 , 'none' , N'Phải là xe đăng ký và hoạt động tại các khu vực có địa hình phức tạp.'),
('Ques_23' , 'Ans_1' , 0 , 0 , 'none' , N'Được phép.'),
('Ques_23' , 'Ans_2' , 0 , 1 , 'none' , N'Không được phép.'),
('Ques_23' , 'Ans_3' , 0 , 0 , 'none' , N'Tùy từng trường hợp.'),
('Ques_24' , 'Ans_1' , 0 , 0 , 'none' , N'Không được vượt.'),
('Ques_24' , 'Ans_2' , 0 , 0 , 'none' , N'Được vượt khi đang đi trên cầu.'),
('Ques_24' , 'Ans_3' , 0 , 0 , 'none' , N'Được phép vượt khi đi qua nơi giao nhau có ít phương tiện cùng tham gia giao thông.'),
('Ques_24' , 'Ans_4' , 0 , 1 , 'none' , N'Được vượt khi đảm bảo an toàn.'),
('Ques_25' , 'Ans_1' , 0 , 1 , 'none' , N'Không được vượt.'),
('Ques_25' , 'Ans_2' , 0 , 0 , 'none' , N'Được vượt khi đang đi trên cầu.'),
('Ques_25' , 'Ans_3' , 0 , 0 , 'none' , N'Được phép vượt khi đi qua nơi giao nhau có ít phương tiện cùng tham gia giao thông.'),
('Ques_25' , 'Ans_4' , 0 , 0 , 'none' , N'Được vượt khi đảm bảo an toàn.'),
('Ques_26' , 'Ans_1' , 0 , 0 , 'none' , N'Được phép.'),
('Ques_26' , 'Ans_2' , 0 , 0 , 'none' , N'Nếu phương tiện được kéo, đẩy có khối lượng nhỏ hơn phương tiện của mình.'),
('Ques_26' , 'Ans_3' , 0 , 0 , 'none' , N'Tùy trường hợp.'),
('Ques_26' , 'Ans_4' , 0 , 1 , 'none' , N'Không được phép.'),
('Ques_27' , 'Ans_1' , 0 , 0 , 'none' , N'Được phép.'),
('Ques_27' , 'Ans_2' , 0 , 0 , 'none' , N'Tùy trường hợp.'),
('Ques_27' , 'Ans_3' , 0 , 1 , 'none' , N'Không được phép.'),
('Ques_28' , 'Ans_1' , 0 , 1 , 'none' , N'Buông cả hai tay; sử dụng xe để kéo, đẩy xe khác, vật khác; sử dụng chân chống của xe quệt xuống đường khi xe đang chạy.'),
('Ques_28' , 'Ans_2' , 0 , 0 , 'none' , N'Buông một tay; sử dụng xe để chở người hoặc hàng hóa; để chân chạm xuống đất khi khởi hành.'),
('Ques_28' , 'Ans_3' , 0 , 0 , 'none' , N'Đội mũ bảo hiểm; chạy xe đúng tốc độ quy định và chấp hành đúng quy tắc giao thông đường bộ.'),
('Ques_28' , 'Ans_4' , 0 , 0 , 'none' , N'Chở người ngồi sau dưới 16 tuổi.'),
('Ques_29' , 'Ans_1' , 0 , 0 , 'none' , N'Được mang, vác tùy trường hợp cụ thể.'),
('Ques_29' , 'Ans_2' , 0 , 1 , 'none' , N'Không được mang, vác.'),
('Ques_29' , 'Ans_3' , 0 , 0 , 'none' , N'Được mang, vác nhưng phải đảm bảo an toàn.'),
('Ques_29' , 'Ans_4' , 0 , 0 , 'none' , N'Được mang, vác tùy theo sức khỏe của bản thân.'),
('Ques_30' , 'Ans_1' , 0 , 0 , 'none' , N'Được phép.'),
('Ques_30' , 'Ans_2' , 0 , 0 , 'none' , N'Được bám trong trường hợp phương tiện của mình bị hỏng.'),
('Ques_30' , 'Ans_3' , 0 , 0 , 'none' , N'Được kéo, đẩy trong trường hợp phương tiện khác bị hỏng.'),
('Ques_30' , 'Ans_4' , 0 , 1 , 'none' , N'Không được phép.'),
('Ques_31' , 'Ans_1' , 0 , 0 , 'none' , N'Được sử dụng.'),
('Ques_31' , 'Ans_2' , 0 , 0 , 'none' , N'Chỉ người ngồi sau được sử dụng.'),
('Ques_31' , 'Ans_3' , 0 , 1 , 'none' , N'Không được sử dụng.'),
('Ques_31' , 'Ans_4' , 0 , 0 , 'none' , N'Được sử dụng nếu không có áo mưa.'),
('Ques_32' , 'Ans_1' , 0 , 0 , 'none' , N'Chỉ được phép nếu cả hai đội mũ bảo hiểm.'),
('Ques_32' , 'Ans_2' , 0 , 1 , 'none' , N'Không được phép.'),
('Ques_32' , 'Ans_3' , 0 , 0 , 'none' , N'Chỉ được thực hiện trên đường thật vắng.'),
('Ques_32' , 'Ans_4' , 0 , 0 , 'none' , N'Chỉ được phép khi người đi xe đạp đã quá mệt.'),
('Ques_33' , 'Ans_1' , 0 , 0 , 'none' , N'Chỉ được kéo nếu đã nhìn thấy trạm xăng.'),
('Ques_33' , 'Ans_2' , 0 , 0 , 'none' , N'Chỉ được thực hiện trên đường vắng phương tiện cùng tham gia giao thông.'),
('Ques_33' , 'Ans_3' , 0 , 1 , 'none' , N'Không được phép.'),
('Ques_34' , 'Ans_1' , 0 , 1 , 'none' , N'Không được vận chuyển.'),
('Ques_34' , 'Ans_2' , 0 , 0 , 'none' , N'Chỉ được vận chuyển khi đã chằng buộc cẩn thận.'),
('Ques_34' , 'Ans_3' , 0 , 0 , 'none' , N'Chỉ được vận chuyển vật cồng kềnh trên xe máy nếu khoảng cách về nhà ngắn hơn 2 km.'),
('Ques_35' , 'Ans_1' , 0 , 0 , 'none' , N'16 tuổi.'),
('Ques_35' , 'Ans_2' , 0 , 1 , 'none' , N'18 tuổi.'),
('Ques_35' , 'Ans_3' , 0 , 0 , 'none' , N'17 tuổi.'),
('Ques_36' , 'Ans_1' , 0 , 0 , 'none' , N'Xe mô tô 2 bánh có dung tích xi lanh từ 50 cm3 trở lên.'),
('Ques_36' , 'Ans_2' , 0 , 1 , 'none' , N'Xe gắn máy có dung tích xi lanh dưới 50 cm3.'),
('Ques_36' , 'Ans_3' , 0 , 0 , 'none' , N'Xe ô tô tải dưới 3,5 tấn; xe chở người đến 9 chỗ ngồi.'),
('Ques_36' , 'Ans_4' , 0 , 0 , 'none' , N'Tất cả các ý nêu trên.'),
('Ques_37' , 'Ans_1' , 0 , 0 , 'none' , N'Xe mô tô có dung tích xi lanh 125 cm3.'),
('Ques_37' , 'Ans_2' , 0 , 1 , 'none' , N'Xe mô tô có dung tích xi lanh từ 175 cm3 trở lên.'),
('Ques_37' , 'Ans_3' , 0 , 0 , 'none' , N'Xe mô tô có dung tích xi lanh 100 cm3.'),
('Ques_38' , 'Ans_1' , 0 , 0 , 'none' , N'Xe mô tô hai bánh có dung tích xi lanh từ 50 cm3 đến dưới 175 cm3.'),
('Ques_38' , 'Ans_2' , 0 , 0 , 'none' , N'Xe mô tô ba bánh dùng cho người khuyết tật.'),
('Ques_38' , 'Ans_3' , 0 , 1 , 'none' , N'Cả ý 1 và ý 2.'),
('Ques_39' , 'Ans_1' , 0 , 0 , 'none' , N'Biển báo nguy hiểm.'),
('Ques_39' , 'Ans_2' , 0 , 1 , 'none' , N'Biển báo cấm.'),
('Ques_39' , 'Ans_3' , 0 , 0 , 'none' , N'Biển báo hiệu lệnh.'),
('Ques_39' , 'Ans_4' , 0 , 0 , 'none' , N'Biển báo chỉ dẫn.'),
('Ques_40' , 'Ans_1' , 0 , 1 , 'none' , N'Biển báo nguy hiểm.'),
('Ques_40' , 'Ans_2' , 0 , 0 , 'none' , N'Biển báo cấm.'),
('Ques_40' , 'Ans_3' , 0 , 0 , 'none' , N'Biển báo hiệu lệnh.'),
('Ques_40' , 'Ans_4' , 0 , 0 , 'none' , N'Biển báo chỉ dẫn.'),
('Ques_41' , 'Ans_1' , 0 , 0 , 'none' , N'Biển báo nguy hiểm.'),
('Ques_41' , 'Ans_2' , 0 , 0 , 'none' , N'Biển báo cấm.'),
('Ques_41' , 'Ans_3' , 0 , 1 , 'none' , N'Biển báo hiệu lệnh phải thi hành.'),
('Ques_41' , 'Ans_4' , 0 , 0 , 'none' , N'Biển báo chỉ dẫn.'),
('Ques_42' , 'Ans_1' , 0 , 0 , 'none' , N'Biển báo nguy hiểm.'),
('Ques_42' , 'Ans_2' , 0 , 0 , 'none' , N'Biển báo cấm.'),
('Ques_42' , 'Ans_3' , 0 , 0 , 'none' , N'Biển báo hiệu lệnh phải thi hành.'),
('Ques_42' , 'Ans_4' , 0 , 1 , 'none' , N'Biển báo chỉ dẫn.'),
('Ques_43' , 'Ans_1' , 0 , 0 , 'none' , N'02 năm.'),
('Ques_43' , 'Ans_2' , 0 , 0 , 'none' , N'03 năm.'),
('Ques_43' , 'Ans_3' , 0 , 1 , 'none' , N'05 năm.'),
('Ques_43' , 'Ans_4' , 0 , 0 , 'none' , N'04 năm.'),
('Ques_44' , 'Ans_1' , 0 , 0 , 'none' , N'Người tham gia giao thông ở các hướng phải dừng lại.'),
('Ques_44' , 'Ans_2' , 0 , 0 , 'none' , N'Người tham gia giao thông ở các hướng được đi theo chiều gậy chỉ của cảnh sát giao thông.'),
('Ques_44' , 'Ans_3' , 0 , 0 , 'none' , N'Người tham gia giao thông ở phía trước và phía sau người điều khiển được đi tất cả các hướng; người tham gia giao thông ở phía bên phải và phía bên trái người điều khiển phải dừng lại.'),
('Ques_44' , 'Ans_4' , 0 , 1 , 'none' , N'Người tham gia giao thông ở phía trước và phía sau người điều khiển phải dừng lại; người tham gia giao thông ở phía bên phải và phía bên trái người điều khiển được đi tất cả các hướng.'),
('Ques_45' , 'Ans_1' , 0 , 0 , 'none' , N'Người tham gia giao thông ở hướng đối diện cảnh sát giao thông được đi, các hướng khác cần phải dừng lại.'),
('Ques_45' , 'Ans_2' , 0 , 0 , 'none' , N'Người tham gia giao thông được rẽ phải theo chiều mũi tên màu xanh ở bục cảnh sát giao thông.'),
('Ques_45' , 'Ans_3' , 0 , 1 , 'none' , N'Người tham gia giao thông ở các hướng đều phải dừng lại trừ các xe ở trong khu vực giao nhau.'),
('Ques_45' , 'Ans_4' , 0 , 0 , 'none' , N'Người ở hướng đối diện cảnh sát giao thông phải dừng lại, các hướng khác được đi trong đó có bạn.'),
('Ques_46' , 'Ans_1' , 0 , 0 , 'none' , N'Biển báo hiệu cố định.'),
('Ques_46' , 'Ans_2' , 0 , 1 , 'none' , N'Báo hiệu tạm thời.'),
('Ques_47' , 'Ans_1' , 0 , 0 , 'none' , N'Cho xe đi trên bất kỳ làn đường nào hoặc giữa hai làn đường nếu không có xe phía trước; khi cần thiết phải chuyển làn đường, người lái xe phải quan sát xe phía trước để bảo đảm an toàn.'),
('Ques_47' , 'Ans_2' , 0 , 1 , 'none' , N'Phải cho xe đi trong một làn đường và chỉ được chuyển làn đường ở những nơi cho phép; khi chuyển làn phải có tín hiệu báo trước và phải bảo đảm an toàn.'),
('Ques_47' , 'Ans_3' , 0 , 0 , 'none' , N'Phải cho xe đi trong một làn đường, khi cần thiết phải chuyển làn đường, người lái xe phải quan sát xe phía trước để bảo đảm an toàn.'),
('Ques_48' , 'Ans_1' , 0 , 0 , 'none' , N'Xe thô sơ phải đi trên làn đường bên trái ngoài cùng, xe cơ giới, xe máy chuyên dùng đi trên làn đường bên phải.'),
('Ques_48' , 'Ans_2' , 0 , 1 , 'none' , N'Xe thô sơ phải đi trên làn đường bên phải trong cùng, xe cơ giới, xe máy chuyên dùng đi trên làn đường bên trái.'),
('Ques_48' , 'Ans_3' , 0 , 0 , 'none' , N'Xe thô sơ đi trên làn đường phù hợp không gây cản trở giao thông, xe cơ giới, xe máy chuyên dùng đi trên làn đường bên phải.'),
('Ques_49' , 'Ans_1' , 0 , 0 , 'none' , N'Phải báo hiệu bằng đèn hoặc còi.'),
('Ques_49' , 'Ans_2' , 0 , 0 , 'none' , N'Chỉ được báo hiệu bằng còi.'),
('Ques_49' , 'Ans_3' , 0 , 0 , 'none' , N'Phải báo hiệu bằng cả còi và đèn.'),
('Ques_49' , 'Ans_4' , 0 , 1 , 'none' , N'Chỉ báo hiệu bằng đèn.'),
('Ques_50' , 'Ans_1' , 0 , 0 , 'none' , N'Tăng tốc độ và ra hiệu cho xe sau vượt, không được gây trở ngại cho xe sau vượt.'),
('Ques_50' , 'Ans_2' , 0 , 1 , 'none' , N'Người điều khiển phương tiện phía trước phải giảm tốc độ, đi sát về bên phải của phần đường xe chạy cho đến khi xe sau đã vượt qua, không được gây trở ngại cho xe sau vượt.'),
('Ques_50' , 'Ans_3' , 0 , 0 , 'none' , N'Cho xe tránh về bên trái mình và ra hiệu cho xe sau vượt; nếu có chướng ngại vật phía trước hoặc thiếu điều kiện an toàn chưa cho vượt được phải ra hiệu cho xe sau biết; cấm gây trở ngại cho xe xin vượt.'),
('Ques_51' , 'Ans_1' , 0 , 0 , 'none' , N'Quan sát gương, ra tín hiệu, quan sát an toàn và chuyển hướng.'),
('Ques_51' , 'Ans_2' , 0 , 1 , 'none' , N'Quan sát gương, giảm tốc độ, ra tín hiệu chuyển hướng, quan sát an toàn và chuyển hướng.'),
('Ques_51' , 'Ans_3' , 0 , 0 , 'none' , N'Quan sát gương, tăng tốc độ, ra tín hiệu và chuyển hướng.'),
('Ques_52' , 'Ans_1' , 0 , 0 , 'none' , N'Nơi đường hẹp chỉ đủ cho một xe chạy và có chỗ tránh xe thì xe nào ở gần chỗ tránh hơn phải vào vị trí tránh, nhường đường cho xe kia đi.'),
('Ques_52' , 'Ans_2' , 0 , 0 , 'none' , N'Xe xuống dốc phải nhường đường cho xe đang lên dốc; xe nào có chướng ngại vật phía trước phải nhường đường cho xe không có chướng ngại vật đi trước.'),
('Ques_52' , 'Ans_3' , 0 , 0 , 'none' , N'Xe lên dốc phải nhường đường cho xe xuống dốc; xe nào không có chướng ngại vật đi phía trước phải nhường đường cho xe có chướng ngại vật đi trước.'),
('Ques_52' , 'Ans_4' , 0 , 1 , 'none' , N'Cả ý 1 và ý 2.'),
('Ques_53' , 'Ans_1' , 0 , 0 , 'none' , N'Tiếp tục đi vì xe lên dốc phải nhường đường cho mình.'),
('Ques_53' , 'Ans_2' , 0 , 1 , 'none' , N'Nhường đường cho xe lên dốc.'),
('Ques_53' , 'Ans_3' , 0 , 0 , 'none' , N'Chỉ nhường đường khi xe lên dốc nháy đèn.'),
('Ques_54' , 'Ans_1' , 0 , 0 , 'none' , N'Nhường đường cho xe đi ở bên phải mình tới.'),
('Ques_54' , 'Ans_2' , 0 , 0 , 'none' , N'Nhường đường cho xe đi ở bên trái mình tới.'),
('Ques_54' , 'Ans_3' , 0 , 1 , 'none' , N'Nhường đường cho xe đi trên đường ưu tiên hoặc đường chính từ bất kỳ hướng nào tới.'),
('Ques_55' , 'Ans_1' , 0 , 1 , 'none' , N'Phải nhường đường cho xe đi đến từ bên phải.'),
('Ques_55' , 'Ans_2' , 0 , 0 , 'none' , N'Xe báo hiệu xin đường trước xe đó được đi trước.'),
('Ques_55' , 'Ans_3' , 0 , 0 , 'none' , N'Phải nhường đường cho xe đi đến từ bên trái.'),
('Ques_56' , 'Ans_1' , 0 , 1 , 'none' , N'5 mét.'),
('Ques_56' , 'Ans_2' , 0 , 0 , 'none' , N'3 mét.'),
('Ques_56' , 'Ans_3' , 0 , 0 , 'none' , N'4 mét.'),
('Ques_57' , 'Ans_1' , 0 , 1 , 'none' , N'Xe cơ giới, xe máy chuyên dùng phải bật đèn; xe thô sơ phải bật đèn hoặc có vật phát sáng báo hiệu; chỉ được dùng xe, đỗ xe ở nơi quy định.'),
('Ques_57' , 'Ans_2' , 0 , 0 , 'none' , N'Xe cơ giới phải bật đèn ngay cả khi đường hầm sáng; phải cho xe chạy trên một làn đường và chỉ chuyển làn ở nơi được phép; được quay đầu xe, lùi xe khi cần thiết.'),
('Ques_57' , 'Ans_3' , 0 , 0 , 'none' , N'Xe máy chuyên dùng phải bật đèn ngay cả khi đường hầm sáng; phải cho xe chạy trên một làn đường và chỉ chuyển làn ở nơi được phép; được quay đầu xe, lùi xe khi cần thiết.'),
('Ques_58' , 'Ans_1' , 0 , 1 , 'none' , N'Khi tham gia giao thông đường bộ.'),
('Ques_58' , 'Ans_2' , 0 , 0 , 'none' , N'Chỉ khi đi trên đường chuyên dùng; đường cao tốc.'),
('Ques_58' , 'Ans_3' , 0 , 0 , 'none' , N'Khi tham gia giao thông trên đường tỉnh lộ hoặc quốc lộ.'),
('Ques_59' , 'Ans_1' , 0 , 0 , 'none' , N'Chở người bệnh đi cấp cứu; trẻ em dưới 14 tuổi.'),
('Ques_59' , 'Ans_2' , 0 , 0 , 'none' , N'Áp giải người có hành vi vi phạm pháp luật.'),
('Ques_59' , 'Ans_3' , 0 , 1 , 'none' , N'Cả ý 1 và ý 2.'),
('Ques_60' , 'Ans_1' , 0 , 1 , 'none' , N'Đi vào phần đường dành cho người đi bộ và phương tiện khác; sử dụng ô, điện thoại di động, thiết bị âm thanh (trừ thiết bị trợ thính), đi xe dàn hàng ngang.'),
('Ques_60' , 'Ans_2' , 0 , 0 , 'none' , N'Chở 02 người; trong đó, có người bị bệnh đi cấp cứu hoặc trẻ em dưới 14 tuổi hoặc áp giải người có hành vi vi phạm pháp luật.'),
('Ques_60' , 'Ans_3' , 0 , 0 , 'none' , N'Điều khiển phương tiện tham gia giao thông trên đường tỉnh lộ hoặc quốc lộ.'),
('Ques_61' , 'Ans_1' , 0 , 0 , 'none' , N'Được phép nhưng phải đảm bảo an toàn.'),
('Ques_61' , 'Ans_2' , 0 , 1 , 'none' , N'Không được phép.'),
('Ques_61' , 'Ans_3' , 0 , 0 , 'none' , N'Được phép tùy từng hoàn cảnh, điều kiện cụ thể.'),
('Ques_62' , 'Ans_1' , 0 , 0 , 'none' , N'Khi có báo hiệu cảnh báo nguy hiểm hoặc có chướng ngại vật trên đường; khi chuyển hướng xe chạy hoặc tầm nhìn bị hạn chế; khi qua nơi đường giao nhau, nơi đường bộ giao nhau với đường sắt; đường vòng; đường có địa hình quanh co, đèo dốc.'),
('Ques_62' , 'Ans_2' , 0 , 0 , 'none' , N'Khi qua cầu, cống hẹp; khi lên gần đỉnh dốc, khi xuống dốc, khi qua trường học, khu đông dân cư, khu vực đang thi công trên đường bộ; hiện trường xảy ra tai nạn giao thông.'),
('Ques_62' , 'Ans_3' , 0 , 0 , 'none' , N'Khi điều khiển xe vượt xe khác trên đường quốc lộ, đường cao tốc.'),
('Ques_62' , 'Ans_4' , 0 , 1 , 'none' , N'Cả ý 1 và ý 2.'),
('Ques_63' , 'Ans_1' , 0 , 1 , 'none' , N'Nhường đường cho người đi bộ đang đi trên phần đường dành cho người đi bộ sang đường; nhường đường cho xe đi trên đường ưu tiên, đường chính từ bất kỳ hướng nào tới; nhường đường cho xe ưu tiên, xe đi từ bên phải đến.'),
('Ques_63' , 'Ans_2' , 0 , 0 , 'none' , N'Nhường đường cho người đi bộ đang đứng chờ đi qua phần đường dành cho người đi bộ sang đường; nhường đường cho xe đi trên đường ngược chiều, đường nhánh từ bất kỳ hướng nào tới; nhường đường cho xe đi từ bên trái đến.'),
('Ques_63' , 'Ans_3' , 0 , 0 , 'none' , N'Không phải nhường đường.'),
('Ques_64' , 'Ans_1' , 0 , 0 , 'none' , N'Khi cho xe chạy thẳng.'),
('Ques_64' , 'Ans_2' , 0 , 1 , 'none' , N'Trước khi thay đổi làn đường.'),
('Ques_64' , 'Ans_3' , 0 , 0 , 'none' , N'Sau khi thay đổi làn đường.'),
('Ques_65' , 'Ans_1' , 0 , 0 , 'none' , N'Xe bị vượt bất ngờ tăng tốc độ và cố tình không nhường đường.'),
('Ques_65' , 'Ans_2' , 0 , 0 , 'none' , N'Xe bị vượt giảm tốc độ và nhường đường.'),
('Ques_65' , 'Ans_3' , 0 , 0 , 'none' , N'Phát hiện có xe đi ngược chiều.'),
('Ques_65' , 'Ans_4' , 0 , 1 , 'none' , N'Cả ý 1 và ý 3.'),
('Ques_66' , 'Ans_1' , 0 , 1 , 'none' , N'Nếu đủ điều kiện an toàn, người lái xe phải giảm tốc độ, đi sát về bên phải của phần đường xe chạy cho đến khi xe sau đã vượt qua, không được gây trở ngại đối với xe xin vượt.'),
('Ques_66' , 'Ans_2' , 0 , 0 , 'none' , N'Lái xe vào lề đường bên trái và giảm tốc độ để xe phía sau vượt qua, không được gây trở ngại đối với xe xin vượt.'),
('Ques_66' , 'Ans_3' , 0 , 0 , 'none' , N'Nếu đủ điều kiện an toàn, người lái xe phải tăng tốc độ, đi sát về bên phải của phần đường chạy cho đến khi xe sau vượt qua.'),
('Ques_67' , 'Ans_1' , 0 , 1 , 'none' , N'Phải đội mũ bảo hiểm đạt chuẩn, có cài quai đúng quy cách, mặc quần áo gọn gàng; không sử dụng ô, điện thoại di động, thiết bị âm thanh (trừ thiết bị trợ thính).'),
('Ques_67' , 'Ans_2' , 0 , 0 , 'none' , N'Phải đội mũ bảo hiểm khi trời mưa gió hoặc trời quá nắng; có thể sử dụng ô, điện thoại di động, thiết bị âm thanh nhưng phải đảm bảo an toàn.'),
('Ques_67' , 'Ans_3' , 0 , 0 , 'none' , N'Phải đội mũ bảo hiểm khi cảm thấy mất an toàn giao thông hoặc khi chuẩn bị di chuyển quãng đường xa.'),
('Ques_68' , 'Ans_1' , 0 , 0 , 'none' , N'Là đoạn đường nằm trong khu công nghiệp có đông người và phương tiện tham gia giao thông và được xác định cụ thể bằng biển chỉ dẫn địa giới.'),
('Ques_68' , 'Ans_2' , 0 , 1 , 'none' , N'Là đoạn đường bộ nằm trong khu vực nội thành phố, nội thị xã, nội thị trấn và những đoạn đường có đông dân cư sinh sống sát dọc theo đường, có các hoạt động ảnh hưởng đến an toàn giao thông; được xác định bằng biển báo hiệu là đường khu đông dân cư.'),
('Ques_68' , 'Ans_3' , 0 , 0 , 'none' , N'Là đoạn đường nằm ngoài khu vực nội thành phố, nội thị xã có đông người và phương tiện tham gia giao thông và được xác định cụ thể bằng biển chỉ dẫn địa giới.'),
('Ques_69' , 'Ans_1' , 0 , 0 , 'none' , N'50 km/h.'),
('Ques_69' , 'Ans_2' , 0 , 1 , 'none' , N'40 km/h.'),
('Ques_69' , 'Ans_3' , 0 , 0 , 'none' , N'60 km/h.'),
('Ques_70' , 'Ans_1' , 0 , 1 , 'none' , N'60 km/h.'),
('Ques_70' , 'Ans_2' , 0 , 0 , 'none' , N'50 km/h.'),
('Ques_70' , 'Ans_3' , 0 , 0 , 'none' , N'40 km/h.'),
('Ques_71' , 'Ans_1' , 0 , 0 , 'none' , N'60 km/h.'),
('Ques_71' , 'Ans_2' , 0 , 1 , 'none' , N'50 km/h.'),
('Ques_71' , 'Ans_3' , 0 , 0 , 'none' , N'40 km/h.'),
('Ques_72' , 'Ans_1' , 0 , 1 , 'none' , N'Ô tô con, ô tô tải, ô tô chỏ người trên 30 chỗ.'),
('Ques_72' , 'Ans_2' , 0 , 0 , 'none' , N'Xe gắn máy, xe máy chuyên dùng.'),
('Ques_72' , 'Ans_3' , 0 , 0 , 'none' , N'Cả ý 1 và ý 2.'),
('Ques_73' , 'Ans_1' , 0 , 0 , 'none' , N'Chủ động giữ khoảng cách an toàn phù hợp với xe chạy liền trước xe của mình.'),
('Ques_73' , 'Ans_2' , 0 , 0 , 'none' , N'Đảm bảo khoảng cách an toàn theo mật độ phương tiện, tình hình giao thông thực tế.'),
('Ques_73' , 'Ans_3' , 0 , 1 , 'none' , N'Cả ý 1 và ý 2.'),
('Ques_74' , 'Ans_1' , 0 , 1 , 'none' , N'Gặp biển báo nguy hiểm trên đường.'),
('Ques_74' , 'Ans_2' , 0 , 0 , 'none' , N'Gặp biển chỉ dẫn trên đường.'),
('Ques_74' , 'Ans_3' , 0 , 0 , 'none' , N'Gặp biển báo hết mọi lệnh cấm.'),
('Ques_74' , 'Ans_4' , 0 , 0 , 'none' , N'Gặp biển báo hết hạn chế tốc độ tối đa cho phép.'),
('Ques_75' , 'Ans_1' , 0 , 0 , 'none' , N'Hiệu lệnh của nhân viên gác chắn.'),
('Ques_75' , 'Ans_2' , 0 , 0 , 'none' , N'Đèn đỏ sáng nháy, cờ đỏ, biển đỏ.'),
('Ques_75' , 'Ans_3' , 0 , 0 , 'none' , N'Còi, chuông kêu, chắn đã đóng.'),
('Ques_75' , 'Ans_4' , 0 , 1 , 'none' , N'Tất cả các ý trên.'),
('Ques_76' , 'Ans_1' , 0 , 0 , 'none' , N'Để làm đẹp.'),
('Ques_76' , 'Ans_2' , 0 , 0 , 'none' , N'Để tránh mưa nắng.'),
('Ques_76' , 'Ans_3' , 0 , 1 , 'none' , N'Để giảm thiểu chấn thương vùng đầu.'),
('Ques_76' , 'Ans_4' , 0 , 0 , 'none' , N'Để các loại phương tiện khác dễ quan sát.'),
('Ques_77' , 'Ans_1' , 0 , 0 , 'none' , N'Tăng tốc độ qua đường giao nhau để đi trước xe đi trên đường ưu tiên.'),
('Ques_77' , 'Ans_2' , 0 , 0 , 'none' , N'Giảm tốc độ qua đường giao nhau để đi trước xe đi trên đường ưu tiên.'),
('Ques_77' , 'Ans_3' , 0 , 1 , 'none' , N'Nhường đường cho xe đi trên ưu tiên từ bất kỳ hướng nào tới.'),
('Ques_78' , 'Ans_1' , 0 , 0 , 'none' , N'Giảm tốc độ, đi từ từ để vượt qua trước người đi bộ.'),
('Ques_78' , 'Ans_2' , 0 , 1 , 'none' , N'Giảm tốc độ, có thể dừng lại nếu cần thiết trước vạch dừng xe để nhường đường cho người đi bộ qua đường.'),
('Ques_78' , 'Ans_3' , 0 , 0 , 'none' , N'Tăng tốc độ để vượt qua trước người đi bộ.'),
('Ques_79' , 'Ans_1' , 0 , 1 , 'none' , N'Đỏ – Vàng – Xanh.'),
('Ques_79' , 'Ans_2' , 0 , 0 , 'none' , N'Cam – Vàng – Xanh.'),
('Ques_79' , 'Ans_3' , 0 , 0 , 'none' , N'Vàng – Xanh dương – Xanh lá.'),
('Ques_79' , 'Ans_4' , 0 , 0 , 'none' , N'Đỏ – Cam – Xanh.'),
('Ques_80' , 'Ans_1' , 0 , 0 , 'none' , N'Phải cho xe dừng lại trước vạch dừng, trường hợp đã đi quá vạch dừng hoặc đã quá gần vạch dừng nếu dừng lại thấy nguy hiểm thì được đi tiếp.'),
('Ques_80' , 'Ans_2' , 0 , 0 , 'none' , N'Trong trường hợp tín hiệu vàng nhấp nháy là được đi nhưng phải giảm tốc độ, chú ý quan sát nhường đường cho người đi bộ qua đường.'),
('Ques_80' , 'Ans_3' , 0 , 0 , 'none' , N'Nhanh chóng tăng tốc độ, vượt qua nút giao và chú ý đảm bảo an toàn.'),
('Ques_80' , 'Ans_4' , 0 , 1 , 'none' , N'Cả ý 1 và ý 2.'),
('Ques_81' , 'Ans_1' , 0 , 0 , 'none' , N'Ra tín hiệu bằng tay rồi cho xe vượt qua.'),
('Ques_81' , 'Ans_2' , 0 , 0 , 'none' , N'Tăng ga mạnh để gây sự chú ý rồi cho xe vượt qua.'),
('Ques_81' , 'Ans_3' , 0 , 1 , 'none' , N'Bạn phải có tín hiệu bằng đèn hoặc còi.'),
('Ques_82' , 'Ans_1' , 0 , 0 , 'none' , N'Đường ướt, đường có sỏi cát trên nền đường.'),
('Ques_82' , 'Ans_2' , 0 , 0 , 'none' , N'Đường hẹp có nhiều điểm giao cắt từ hai phía.'),
('Ques_82' , 'Ans_3' , 0 , 0 , 'none' , N'Đường đèo dốc, vòng liên tục.'),
('Ques_82' , 'Ans_4' , 0 , 1 , 'none' , N'Tất cả các ý nêu trên.'),
('Ques_83' , 'Ans_1' , 0 , 0 , 'none' , N'Tăng tốc độ để nhanh chóng vượt qua bến đỗ.'),
('Ques_83' , 'Ans_2' , 0 , 1 , 'none' , N'Giảm tốc độ đến mức an toàn có thể và quan sát người qua đường và từ từ vượt qua xe buýt.'),
('Ques_83' , 'Ans_3' , 0 , 0 , 'none' , N'Yêu cầu phải dừng lại phía sau xe buýt chờ xe rời bến mới đi tiếp.'),
('Ques_84' , 'Ans_1' , 0 , 0 , 'none' , N'Là sự hiểu biết và chấp hành nghiêm chỉnh pháp luật về giao thông; là ý thức trách nhiệm với cộng đồng khi tham gia giao thông.'),
('Ques_84' , 'Ans_2' , 0 , 0 , 'none' , N'Là ứng xử có văn hóa, có tình yêu thương con người trong các tình huống không may xảy ra khi tham gia giao thông.'),
('Ques_84' , 'Ans_3' , 0 , 1 , 'none' , N'Cả ý 1 và ý 2.'),
('Ques_85' , 'Ans_1' , 0 , 1 , 'none' , N'Điều khiển xe đi bên phải theo chiều đi của mình; đi đúng phần đường, làn đường quy định; đội mũ bảo hiểm đạt chuẩn, cài quai đúng quy định.'),
('Ques_85' , 'Ans_2' , 0 , 0 , 'none' , N'Điều khiển xe đi trên phần đường, làn đường có ít phương tiện tham gia giao thông.'),
('Ques_85' , 'Ans_3' , 0 , 0 , 'none' , N'Điều khiển xe và đội mũ bảo hiểm ở nơi có biển báo bắt buộc đội mũ bảo hiểm.'),
('Ques_86' , 'Ans_1' , 0 , 1 , 'none' , N'Điều khiển xe đi bên phải theo chiều đi của mình; đi đúng phần đường, làn đường quy định; dừng, đỗ xe đúng nơi quy định; đã uống rượu, bia thì không lái xe.'),
('Ques_86' , 'Ans_2' , 0 , 0 , 'none' , N'Điều khiển xe đi trên phần đường, làn đường có ít phương tiện giao thông; dừng xe, đỗ xe ở nơi thuận tiện hoặc theo yêu cầu của hành khách, của người thân.'),
('Ques_86' , 'Ans_3' , 0 , 0 , 'none' , N'Dừng và đỗ xe ở nơi thuận tiện cho việc chuyên chở hành khách và giao nhận hàng hóa; sử dụng ít rượu, bia thì có thể lái xe.'),
('Ques_87' , 'Ans_1' , 0 , 1 , 'none' , N'Thực hiện sơ cứu ban đầu trong trường hợp khẩn cấp; thông báo vụ tai nạn đến cơ quan thi hành pháp luật.'),
('Ques_87' , 'Ans_2' , 0 , 0 , 'none' , N'Nhanh chóng lái xe gây tai nạn hoặc đi nhờ xe khác ra khỏi hiện tượng vụ tai nạn.'),
('Ques_87' , 'Ans_3' , 0 , 0 , 'none' , N'Cả ý 1 và ý 2.'),
('Ques_88' , 'Ans_1' , 0 , 0 , 'none' , N'Bấm còi liên tục thúc giục các phương tiện phía trước nhường đường.'),
('Ques_88' , 'Ans_2' , 0 , 0 , 'none' , N'Đi lên vỉa hè, tận dùng mọi khoảng trống để nhanh chóng thoát khỏi nơi ùn tắc.'),
('Ques_88' , 'Ans_3' , 0 , 0 , 'none' , N'Lấn sàng trái đường cố gắng vượt lên xe khác.'),
('Ques_88' , 'Ans_4' , 0 , 1 , 'none' , N'Tất cả các ý nêu trên.'),
('Ques_89' , 'Ans_1' , 0 , 1 , 'none' , N'Giữ tay ga ở mức độ phù hợp, sử dụng phanh trước và phanh sau để giảm tốc độ.'),
('Ques_89' , 'Ans_2' , 0 , 0 , 'none' , N'Nhả hết tay ga, tắt động cơ, sử dụng phanh trước và phanh sau để giảm tốc độ.'),
('Ques_89' , 'Ans_3' , 0 , 0 , 'none' , N'Sử dụng phanh trước để giảm tốc độ kết hợp tắt chìa khóa điện của xe.'),
('Ques_90' , 'Ans_1' , 0 , 1 , 'none' , N'Quan sát biển báo hiệu để biết nơi được phép quay đầu; quan sát kỹ địa hình nơi chọn để quay đầu; lựa chọn quỹ đạo quay đầu xe cho thích hợp; quay đầu xe với tốc độ thấp; thường xuyên báo tín hiệu để người, các phương tiện xung quanh được biết; nếu quay đầu xe ở nơi nguy hiểm thì đưa đầu xe về phía nguy hiểm đưa đuôi xe về phía an toàn.'),
('Ques_90' , 'Ans_2' , 0 , 0 , 'none' , N'Quan sát biển báo hiệu để biết nơi được phép quay đầu; quan sát kỹ địa hình nơi chọn để quay đầu; lựa chọn quỹ đạo quay đầu xe; quay đầu xe với tốc độ tối đa; thường xuyên báo tín hiệu để người, các phương tiện xung quanh được biết; nếu quay đầu xe ở nơi nguy hiểm thì đưa đuôi xe về phía nguy hiểm và đầu xe về phía an toàn.'),
('Ques_91' , 'Ans_1' , 0 , 0 , 'none' , N'Không nên đi cố vào đường hẹp; xe đi ở phía sườn núi nên dừng lại trước để nhường đường; khi dừng xe nhường đường phải đỗ ngay ngắn.'),
('Ques_91' , 'Ans_2' , 0 , 0 , 'none' , N'Trong khi tránh nhau không nơi đổi số; khi tránh nhau ban đêm, phải tắt đèn pha bật đèn cốt.'),
('Ques_91' , 'Ans_3' , 0 , 0 , 'none' , N'Khi tránh nhau ban đêm, phải thường xuyên bật đèn pha tắt đèn cốt.'),
('Ques_91' , 'Ans_4' , 0 , 1 , 'none' , N'Cả ý 1 và ý 2.'),
('Ques_92' , 'Ans_1' , 0 , 1 , 'none' , N'Quan sát cẩn thận các chướng ngại vật và báo hiệu bằng còi, đèn; giảm tốc độ tới mức cần thiết, về số thấp và thực hiện quay vòng với tốc độ phù hợp với bán kính cong của đường vòng.'),
('Ques_92' , 'Ans_2' , 0 , 0 , 'none' , N'Quan sát cẩn thận các chướng ngại vật và báo hiệu bằng còi, đèn; tăng tốc để nhanh chóng qua đường vòng và giảm tốc độ sau khi qua đường vòng.'),
('Ques_93' , 'Ans_1' , 0 , 0 , 'none' , N'Sử dụng phanh trước.'),
('Ques_93' , 'Ans_2' , 0 , 0 , 'none' , N'Sử dụng phanh sau.'),
('Ques_93' , 'Ans_3' , 0 , 1 , 'none' , N'Giảm hết ga; sử dụng đồng thời cả phanh sau và phanh trước.'),
('Ques_94' , 'Ans_1' , 0 , 0 , 'none' , N'Giảm tốc độ để đảm bảo an toàn với xe phía trước và sử dụng điện thoại để liên lạc.'),
('Ques_94' , 'Ans_2' , 0 , 1 , 'none' , N'Giảm tốc độ để dừng xe ở nơi cho phép dừng xe sau đó sử dụng điện thoại để liên lạc.'),
('Ques_94' , 'Ans_3' , 0 , 0 , 'none' , N'Tăng tốc độ để cách xa xe phía sau và sử dụng điện thoại để liên lạc.'),
('Ques_95' , 'Ans_1' , 0 , 0 , 'none' , N'Sử dụng còi.'),
('Ques_95' , 'Ans_2' , 0 , 0 , 'none' , N'Phanh đồng thời cả phanh trước và phanh sau.'),
('Ques_95' , 'Ans_3' , 0 , 1 , 'none' , N'Chỉ sử dụng phanh trước.'),
('Ques_96' , 'Ans_1' , 0 , 0 , 'none' , N'Bật tín hiệu báo rẽ trước khi quay đầu, từ từ giảm tốc độ đến mức có thể dừng lại.'),
('Ques_96' , 'Ans_2' , 0 , 0 , 'none' , N'Chỉ quay đầu xe ở những nơi được phép quay đầu.'),
('Ques_96' , 'Ans_3' , 0 , 0 , 'none' , N'Quan sát an toàn các phương tiện tới từ phía trước, phía sau, hai bên đồng thời nhường đường cho xe từ bên phải và phía trước đi tới.'),
('Ques_96' , 'Ans_4' , 0 , 1 , 'none' , N'Tất cả các ý nêu trên.'),
('Ques_97' , 'Ans_1' , 0 , 0 , 'none' , N'Để điều khiển xe chạy về phía trước.'),
('Ques_97' , 'Ans_2' , 0 , 0 , 'none' , N'Để điều tiết công suất động cơ qua đó điều khiển tốc độ của xe.'),
('Ques_97' , 'Ans_3' , 0 , 0 , 'none' , N'Để điều khiển xe chạy lùi.'),
('Ques_97' , 'Ans_4' , 0 , 1 , 'none' , N'Cả ý 1 và ý 2.'),
('Ques_98' , 'Ans_1' , 0 , 0 , 'none' , N'Để quan sát an toàn phía bên trái khi chuẩn bị rẽ trái.'),
('Ques_98' , 'Ans_2' , 0 , 0 , 'none' , N'Để quan sát an toàn phía bên phải khi chuẩn bị rẽ phải.'),
('Ques_98' , 'Ans_3' , 0 , 1 , 'none' , N'Để quan sát an toàn phía sau cả bên trái và bên phải trước khi chuyển hướng.'),
('Ques_98' , 'Ans_4' , 0 , 0 , 'none' , N'Để quan sát an toàn phía trước cả bên trái và bên phải trước khi chuyển hướng.'),
('Ques_99' , 'Ans_1' , 0 , 0 , 'none' , N'Tăng ga thật nhanh, giảm ga từ từ.'),
('Ques_99' , 'Ans_2' , 0 , 0 , 'none' , N'Tăng ga thật nhanh, giảm ga thật nhanh.'),
('Ques_99' , 'Ans_3' , 0 , 1 , 'none' , N'Tăng ga từ từ, giảm ga thật nhanh.'),
('Ques_99' , 'Ans_4' , 0 , 0 , 'none' , N'Tăng ga từ từ, giảm ga từ từ.'),
('Ques_100' , 'Ans_1' , 0 , 1 , 'none' , N'Đứng thẳng trên giá gác chân lái sau đó hơi gập đầu gối và khuỷu tay, đi chậm để không nẩy quá mạnh.'),
('Ques_100' , 'Ans_2' , 0 , 0 , 'none' , N'Ngồi lùi lại phía sau, tăng ga vượt nhanh qua đoạn đường xóc.'),
('Ques_100' , 'Ans_3' , 0 , 0 , 'none' , N'Ngồi lệch sang bên trái hoặc bên phải để lấy thăng bằng qua đoạn đường gồ ghề.'),
('Ques_101' , 'Ans_1' , 0 , 0 , 'none' , N'Biển 1.'),
('Ques_101' , 'Ans_2' , 0 , 0 , 'none' , N'Biển 2.'),
('Ques_101' , 'Ans_3' , 0 , 1 , 'none' , N'Cả hai biển.'),
('Ques_102' , 'Ans_1' , 0 , 1 , 'none' , N'Biển 1.'),
('Ques_102' , 'Ans_2' , 0 , 0 , 'none' , N'Biển 2.'),
('Ques_102' , 'Ans_3' , 0 , 0 , 'none' , N'Biển 3.'),
('Ques_103' , 'Ans_1' , 0 , 0 , 'none' , N'Không biển nào.'),
('Ques_103' , 'Ans_2' , 0 , 0 , 'none' , N'Biển 1 và 2.'),
('Ques_103' , 'Ans_3' , 0 , 1 , 'none' , N'Biển 2 và 3.'),
('Ques_103' , 'Ans_4' , 0 , 0 , 'none' , N'Cả ba biển.'),
('Ques_104' , 'Ans_1' , 0 , 0 , 'none' , N'Biển 1.'),
('Ques_104' , 'Ans_2' , 0 , 1 , 'none' , N'Biển 2.'),
('Ques_104' , 'Ans_3' , 0 , 0 , 'none' , N'Không biển nào.'),
('Ques_104' , 'Ans_4' , 0 , 0 , 'none' , N'Cả hai biển.'),
('Ques_105' , 'Ans_1' , 0 , 1 , 'none' , N'Biển 1.'),
('Ques_105' , 'Ans_2' , 0 , 0 , 'none' , N'Biển 2.'),
('Ques_105' , 'Ans_3' , 0 , 0 , 'none' , N'Cả hai biển.'),
('Ques_106' , 'Ans_1' , 0 , 0 , 'none' , N'Biển 1.'),
('Ques_106' , 'Ans_2' , 0 , 1 , 'none' , N'Biển 2.'),
('Ques_106' , 'Ans_3' , 0 , 0 , 'none' , N'Không biển nào.'),
('Ques_107' , 'Ans_1' , 0 , 1 , 'none' , N'Biển 1 và 2.'),
('Ques_107' , 'Ans_2' , 0 , 0 , 'none' , N'Biển 1 và 3.'),
('Ques_107' , 'Ans_3' , 0 , 0 , 'none' , N'Biển 2 và 3.'),
('Ques_107' , 'Ans_4' , 0 , 0 , 'none' , N'Cả ba biển.'),
('Ques_108' , 'Ans_1' , 0 , 1 , 'none' , N'Biển 1 và 2.'),
('Ques_108' , 'Ans_2' , 0 , 0 , 'none' , N'Biển 1 và 3.'),
('Ques_108' , 'Ans_3' , 0 , 0 , 'none' , N'Biển 2 và 3.'),
('Ques_108' , 'Ans_4' , 0 , 0 , 'none' , N'Cả ba biển.'),
('Ques_109' , 'Ans_1' , 0 , 0 , 'none' , N'Biển 1.'),
('Ques_109' , 'Ans_2' , 0 , 1 , 'none' , N'Biển 2.'),
('Ques_109' , 'Ans_3' , 0 , 0 , 'none' , N'Không biển nào.'),
('Ques_110' , 'Ans_1' , 0 , 1 , 'none' , N'Biển 1.'),
('Ques_110' , 'Ans_2' , 0 , 0 , 'none' , N'Biển 2.'),
('Ques_110' , 'Ans_3' , 0 , 0 , 'none' , N'Cả hai biển.'),
('Ques_111' , 'Ans_1' , 0 , 1 , 'none' , N'Biển 1.'),
('Ques_111' , 'Ans_2' , 0 , 0 , 'none' , N'Biển 2.'),
('Ques_111' , 'Ans_3' , 0 , 0 , 'none' , N'Cả hai biển.'),
('Ques_112' , 'Ans_1' , 0 , 0 , 'none' , N'Biển 1.'),
('Ques_112' , 'Ans_2' , 0 , 1 , 'none' , N'Biển 2.'),
('Ques_112' , 'Ans_3' , 0 , 0 , 'none' , N'Cả ba biển.'),
('Ques_113' , 'Ans_1' , 0 , 0 , 'none' , N'Biển 1.'),
('Ques_113' , 'Ans_2' , 0 , 0 , 'none' , N'Biển 2.'),
('Ques_113' , 'Ans_3' , 0 , 1 , 'none' , N'Biển 1 và 2.'),
('Ques_114' , 'Ans_1' , 0 , 0 , 'none' , N'Biển 1.'),
('Ques_114' , 'Ans_2' , 0 , 1 , 'none' , N'Biển 2.'),
('Ques_114' , 'Ans_3' , 0 , 0 , 'none' , N'Cả ba biển.'),
('Ques_115' , 'Ans_1' , 0 , 1 , 'none' , N'Biển 1.'),
('Ques_115' , 'Ans_2' , 0 , 0 , 'none' , N'Biển 2.'),
('Ques_115' , 'Ans_3' , 0 , 0 , 'none' , N'Cả hai biển.'),
('Ques_116' , 'Ans_1' , 0 , 0 , 'none' , N'Biển 1.'),
('Ques_116' , 'Ans_2' , 0 , 0 , 'none' , N'Biển 2.'),
('Ques_116' , 'Ans_3' , 0 , 0 , 'none' , N'Biển 3.'),
('Ques_116' , 'Ans_4' , 0 , 1 , 'none' , N'Biển 1 và biển 2.'),
('Ques_117' , 'Ans_1' , 0 , 0 , 'none' , N'Biển 1.'),
('Ques_117' , 'Ans_2' , 0 , 0 , 'none' , N'Biển 2.'),
('Ques_117' , 'Ans_3' , 0 , 1 , 'none' , N'Biển 3.'),
('Ques_118' , 'Ans_1' , 0 , 1 , 'none' , N'Tốc độ tối đa cho phép về ban đêm cho các phương tiện là 70 km/h.'),
('Ques_118' , 'Ans_2' , 0 , 0 , 'none' , N'Tốc độ tối thiểu cho phép về ban đêm cho các phương tiện là 70 km/h.'),
('Ques_119' , 'Ans_1' , 0 , 0 , 'none' , N'Được phép.'),
('Ques_119' , 'Ans_2' , 0 , 1 , 'none' , N'Không được phép.'),
('Ques_120' , 'Ans_1' , 0 , 0 , 'none' , N'Biển 1 và 2.'),
('Ques_120' , 'Ans_2' , 0 , 1 , 'none' , N'Biển 1 và 3.'),
('Ques_120' , 'Ans_3' , 0 , 0 , 'none' , N'Biển 2 và 3.'),
('Ques_121' , 'Ans_1' , 0 , 0 , 'none' , N'Biển 1.'),
('Ques_121' , 'Ans_2' , 0 , 1 , 'none' , N'Biển 2.'),
('Ques_121' , 'Ans_3' , 0 , 0 , 'none' , N'Biển 3.'),
('Ques_122' , 'Ans_1' , 0 , 1 , 'none' , N'Biển 1.'),
('Ques_122' , 'Ans_2' , 0 , 0 , 'none' , N'Biển 2.'),
('Ques_123' , 'Ans_1' , 0 , 1 , 'none' , N'Biển 1.'),
('Ques_123' , 'Ans_2' , 0 , 0 , 'none' , N'Biển 2.'),
('Ques_123' , 'Ans_3' , 0 , 0 , 'none' , N'Biển 3.'),
('Ques_123' , 'Ans_4' , 0 , 0 , 'none' , N'Biển 1 và 3.'),
('Ques_124' , 'Ans_1' , 0 , 0 , 'none' , N'Biển 1.'),
('Ques_124' , 'Ans_2' , 0 , 0 , 'none' , N'Biển 1 và 3.'),
('Ques_124' , 'Ans_3' , 0 , 1 , 'none' , N'Biển 3.'),
('Ques_124' , 'Ans_4' , 0 , 0 , 'none' , N'Cả ba biển.'),
('Ques_125' , 'Ans_1' , 0 , 1 , 'none' , N'Biển 1.'),
('Ques_125' , 'Ans_2' , 0 , 0 , 'none' , N'Biển 2.'),
('Ques_125' , 'Ans_3' , 0 , 0 , 'none' , N'Biển 3.'),
('Ques_126' , 'Ans_1' , 0 , 0 , 'none' , N'Biển 1.'),
('Ques_126' , 'Ans_2' , 0 , 0 , 'none' , N'Biển 1 và 2.'),
('Ques_126' , 'Ans_3' , 0 , 0 , 'none' , N'Biển 2 và 3.'),
('Ques_126' , 'Ans_4' , 0 , 1 , 'none' , N'Cả ba biển.'),
('Ques_127' , 'Ans_1' , 0 , 1 , 'none' , N'Biển 1.'),
('Ques_127' , 'Ans_2' , 0 , 0 , 'none' , N'Biển 2 và 3.'),
('Ques_127' , 'Ans_3' , 0 , 0 , 'none' , N'Biển 3.'),
('Ques_128' , 'Ans_1' , 0 , 0 , 'none' , N'Biển 1.'),
('Ques_128' , 'Ans_2' , 0 , 0 , 'none' , N'Biển 2.'),
('Ques_128' , 'Ans_3' , 0 , 1 , 'none' , N'Biển 3.'),
('Ques_128' , 'Ans_4' , 0 , 0 , 'none' , N'Cả ba biển.'),
('Ques_129' , 'Ans_1' , 0 , 0 , 'none' , N'Biển 1 và 2.'),
('Ques_129' , 'Ans_2' , 0 , 1 , 'none' , N'Biển 1 và 3.'),
('Ques_129' , 'Ans_3' , 0 , 0 , 'none' , N'Biển 2 và 3.'),
('Ques_129' , 'Ans_4' , 0 , 0 , 'none' , N'Cả ba biển.'),
('Ques_130' , 'Ans_1' , 0 , 0 , 'none' , N'Biển 1 và 2.'),
('Ques_130' , 'Ans_2' , 0 , 0 , 'none' , N'Biển 1 và 3.'),
('Ques_130' , 'Ans_3' , 0 , 1 , 'none' , N'Biển 2 và 3.'),
('Ques_130' , 'Ans_4' , 0 , 0 , 'none' , N'Cả ba biển.'),
('Ques_131' , 'Ans_1' , 0 , 1 , 'none' , N'Biển 1.'),
('Ques_131' , 'Ans_2' , 0 , 0 , 'none' , N'Biển 2.'),
('Ques_131' , 'Ans_3' , 0 , 0 , 'none' , N'Biển 3.'),
('Ques_131' , 'Ans_4' , 0 , 0 , 'none' , N'Biển 1 và 3.'),
('Ques_132' , 'Ans_1' , 0 , 0 , 'none' , N'Biển 1 và 2.'),
('Ques_132' , 'Ans_2' , 0 , 1 , 'none' , N'Biển 1 và 3.'),
('Ques_132' , 'Ans_3' , 0 , 0 , 'none' , N'Biển 2 và 3.'),
('Ques_132' , 'Ans_4' , 0 , 0 , 'none' , N'Cả ba biển.'),
('Ques_133' , 'Ans_1' , 0 , 1 , 'none' , N'Biển 1.'),
('Ques_133' , 'Ans_2' , 0 , 0 , 'none' , N'Biển 2.'),
('Ques_133' , 'Ans_3' , 0 , 0 , 'none' , N'Biển 3.'),
('Ques_133' , 'Ans_4' , 0 , 0 , 'none' , N'Biển 2 và 3.'),
('Ques_134' , 'Ans_1' , 0 , 0 , 'none' , N'Biển 1 và 3.'),
('Ques_134' , 'Ans_2' , 0 , 1 , 'none' , N'Biển 2.'),
('Ques_134' , 'Ans_3' , 0 , 0 , 'none' , N'Biển 3.'),
('Ques_135' , 'Ans_1' , 0 , 1 , 'none' , N'Biển 1 và 2.'),
('Ques_135' , 'Ans_2' , 0 , 0 , 'none' , N'Biển 1 và 3.'),
('Ques_135' , 'Ans_3' , 0 , 0 , 'none' , N'Biển 2 và 3.'),
('Ques_135' , 'Ans_4' , 0 , 0 , 'none' , N'Cả ba biển.'),
('Ques_136' , 'Ans_1' , 0 , 0 , 'none' , N'Biển 1.'),
('Ques_136' , 'Ans_2' , 0 , 0 , 'none' , N'Biển 1 và 3.'),
('Ques_136' , 'Ans_3' , 0 , 1 , 'none' , N'Biển 2 và 3.'),
('Ques_136' , 'Ans_4' , 0 , 0 , 'none' , N'Cả ba biển.'),
('Ques_137' , 'Ans_1' , 0 , 1 , 'none' , N'Biển 1.'),
('Ques_137' , 'Ans_2' , 0 , 0 , 'none' , N'Biển 2.'),
('Ques_137' , 'Ans_3' , 0 , 0 , 'none' , N'Biển 3.'),
('Ques_138' , 'Ans_1' , 0 , 0 , 'none' , N'Biển 1.'),
('Ques_138' , 'Ans_2' , 0 , 1 , 'none' , N'Biển 2. '),
('Ques_138' , 'Ans_3' , 0 , 0 , 'none' , N'Biển 3.'),
('Ques_139' , 'Ans_1' , 0 , 0 , 'none' , N'Biển 1.'),
('Ques_139' , 'Ans_2' , 0 , 0 , 'none' , N'Biển 2.'),
('Ques_139' , 'Ans_3' , 0 , 1 , 'none' , N'Biển 3.'),
('Ques_140' , 'Ans_1' , 0 , 1 , 'none' , N'Biển 1.'),
('Ques_140' , 'Ans_2' , 0 , 0 , 'none' , N'Biển 2.'),
('Ques_140' , 'Ans_3' , 0 , 0 , 'none' , N'Biển 3.'),
('Ques_141' , 'Ans_1' , 0 , 0 , 'none' , N'Biển 1.'),
('Ques_141' , 'Ans_2' , 0 , 1 , 'none' , N'Biển 2.'),
('Ques_141' , 'Ans_3' , 0 , 0 , 'none' , N'Biển 3.'),
('Ques_142' , 'Ans_1' , 0 , 0 , 'none' , N'Biển 1.'),
('Ques_142' , 'Ans_2' , 0 , 1 , 'none' , N'Biển 2.'),
('Ques_142' , 'Ans_3' , 0 , 0 , 'none' , N'Biển 3.'),
('Ques_143' , 'Ans_1' , 0 , 0 , 'none' , N'Biển 1.'),
('Ques_143' , 'Ans_2' , 0 , 1 , 'none' , N'Biển 2 và 3.'),
('Ques_143' , 'Ans_3' , 0 , 0 , 'none' , N'Cả ba biển.'),
('Ques_144' , 'Ans_1' , 0 , 0 , 'none' , N'Biển 1.'),
('Ques_144' , 'Ans_2' , 0 , 1 , 'none' , N'Biển 2.'),
('Ques_145' , 'Ans_1' , 0 , 0 , 'none' , N'Biển 1.'),
('Ques_145' , 'Ans_2' , 0 , 1 , 'none' , N'Biển 2.'),
('Ques_145' , 'Ans_3' , 0 , 0 , 'none' , N'Biển 3.'),
('Ques_146' , 'Ans_1' , 0 , 0 , 'none' , N'Báo hiệu đường có ổ gà, lồi lõm.'),
('Ques_146' , 'Ans_2' , 0 , 1 , 'none' , N'Báo hiệu đường có gồ giảm tốc phía trước.'),
('Ques_147' , 'Ans_1' , 0 , 0 , 'none' , N'Biển 1.'),
('Ques_147' , 'Ans_2' , 0 , 0 , 'none' , N'Biển 2.'),
('Ques_147' , 'Ans_3' , 0 , 1 , 'none' , N'Không biển nào.'),
('Ques_148' , 'Ans_1' , 0 , 1 , 'none' , N'Biển 1.'),
('Ques_148' , 'Ans_2' , 0 , 0 , 'none' , N'Biển 2.'),
('Ques_149' , 'Ans_1' , 0 , 0 , 'none' , N'Biển 1.'),
('Ques_149' , 'Ans_2' , 0 , 1 , 'none' , N'Biển 2.'),
('Ques_149' , 'Ans_3' , 0 , 0 , 'none' , N'Cả hai biển.'),
('Ques_150' , 'Ans_1' , 0 , 1 , 'none' , N'Biển 1.'),
('Ques_150' , 'Ans_2' , 0 , 0 , 'none' , N'Biển 2.'),
('Ques_150' , 'Ans_3' , 0 , 0 , 'none' , N'Biển 3.'),
('Ques_150' , 'Ans_4' , 0 , 0 , 'none' , N'Cả ba biển.'),
('Ques_151' , 'Ans_1' , 0 , 0 , 'none' , N'Biển 1.'),
('Ques_151' , 'Ans_2' , 0 , 0 , 'none' , N'Biển 2.'),
('Ques_151' , 'Ans_3' , 0 , 0 , 'none' , N'Biển 3.'),
('Ques_151' , 'Ans_4' , 0 , 1 , 'none' , N'Biển 1 và 2.'),
('Ques_152' , 'Ans_1' , 0 , 0 , 'none' , N'Biển 1.'),
('Ques_152' , 'Ans_2' , 0 , 0 , 'none' , N'Biển 2.'),
('Ques_152' , 'Ans_3' , 0 , 1 , 'none' , N'Biển 3.'),
('Ques_152' , 'Ans_4' , 0 , 0 , 'none' , N'Cả ba biển.'),
('Ques_153' , 'Ans_1' , 0 , 0 , 'none' , N'Biển 1.'),
('Ques_153' , 'Ans_2' , 0 , 0 , 'none' , N'Biển 2.'),
('Ques_153' , 'Ans_3' , 0 , 0 , 'none' , N'Biển 3.'),
('Ques_153' , 'Ans_4' , 0 , 1 , 'none' , N'Biển 2 và 3.'),
('Ques_154' , 'Ans_1' , 0 , 0 , 'none' , N'Biển 1.'),
('Ques_154' , 'Ans_2' , 0 , 1 , 'none' , N'Biển 2.'),
('Ques_154' , 'Ans_3' , 0 , 0 , 'none' , N'Biển 3.'),
('Ques_154' , 'Ans_4' , 0 , 0 , 'none' , N'Cả ba biển.'),
('Ques_155' , 'Ans_1' , 0 , 1 , 'none' , N'Biển 1.'),
('Ques_155' , 'Ans_2' , 0 , 0 , 'none' , N'Biển 2.'),
('Ques_155' , 'Ans_3' , 0 , 0 , 'none' , N'Cả hai biển.'),
('Ques_155' , 'Ans_4' , 0 , 0 , 'none' , N'Không biển nào.'),
('Ques_156' , 'Ans_1' , 0 , 0 , 'none' , N'Biển 1.'),
('Ques_156' , 'Ans_2' , 0 , 1 , 'none' , N'Biển 2.'),
('Ques_156' , 'Ans_3' , 0 , 0 , 'none' , N'Cả hai biển.'),
('Ques_156' , 'Ans_4' , 0 , 0 , 'none' , N'Không biển nào.'),
('Ques_157' , 'Ans_1' , 0 , 0 , 'none' , N'Biển 1.'),
('Ques_157' , 'Ans_2' , 0 , 1 , 'none' , N'Biển 2.'),
('Ques_157' , 'Ans_3' , 0 , 0 , 'none' , N'Biển 3.'),
('Ques_158' , 'Ans_1' , 0 , 0 , 'none' , N'Dừng xe tại khu vực có trạm Cảnh sát giao thông.'),
('Ques_158' , 'Ans_2' , 0 , 0 , 'none' , N'Tiếp tục lưu thông với tốc độ bình thường.'),
('Ques_158' , 'Ans_3' , 0 , 1 , 'none' , N'Phải giảm tốc độ đến mức an toàn và không được vượt khi đi qua khu vực này.'),
('Ques_159' , 'Ans_1' , 0 , 0 , 'none' , N'Đi thẳng hoặc rẽ trái trên cầu vượt.'),
('Ques_159' , 'Ans_2' , 0 , 0 , 'none' , N'Đi thẳng hoặc rẽ phải trên cầu vượt.'),
('Ques_159' , 'Ans_3' , 0 , 1 , 'none' , N'Báo hiệu cầu vượt liên thông.'),
('Ques_160' , 'Ans_1' , 0 , 0 , 'none' , N'Vạch 1.'),
('Ques_160' , 'Ans_2' , 0 , 0 , 'none' , N'Vạch 2.'),
('Ques_160' , 'Ans_3' , 0 , 0 , 'none' , N'Vạch 3.'),
('Ques_160' , 'Ans_4' , 0 , 1 , 'none' , N'Vạch 1 và 2.'),
('Ques_161' , 'Ans_1' , 0 , 0 , 'none' , N'Vạch 1.'),
('Ques_161' , 'Ans_2' , 0 , 1 , 'none' , N'Vạch 2.'),
('Ques_161' , 'Ans_3' , 0 , 0 , 'none' , N'Vạch 3.'),
('Ques_161' , 'Ans_4' , 0 , 0 , 'none' , N'Cả 3 vạch.'),
('Ques_162' , 'Ans_1' , 0 , 0 , 'none' , N'Vạch 1.'),
('Ques_162' , 'Ans_2' , 0 , 0 , 'none' , N'Vạch 2.'),
('Ques_162' , 'Ans_3' , 0 , 0 , 'none' , N'Vạch 3.'),
('Ques_162' , 'Ans_4' , 0 , 1 , 'none' , N'Vạch 1 và 3.'),
('Ques_163' , 'Ans_1' , 0 , 1 , 'none' , N'Phân chia hai chiều xe chạy ngược chiều nhau.'),
('Ques_163' , 'Ans_2' , 0 , 0 , 'none' , N'Phân chia các làn xe chạy cùng chiều nhau.'),
('Ques_164' , 'Ans_1' , 0 , 0 , 'none' , N'Vạch 1.'),
('Ques_164' , 'Ans_2' , 0 , 0 , 'none' , N'Vạch 2.'),
('Ques_164' , 'Ans_3' , 0 , 0 , 'none' , N'Vạch 3.'),
('Ques_164' , 'Ans_4' , 0 , 1 , 'none' , N'Vạch 1 và vạch 3.'),
('Ques_165' , 'Ans_1' , 0 , 1 , 'none' , N'Vị trí dừng xe của các phương tiện vận tải hành khách công cộng.'),
('Ques_165' , 'Ans_2' , 0 , 0 , 'none' , N'Báo cho người điều khiển được dừng phương tiện trong phạm vi phần mặt đường có bố trí vạch để tránh ùn tắc giao thông.'),
('Ques_165' , 'Ans_3' , 0 , 0 , 'none' , N'Dùng để xác định vị trí giữa các phương tiện trên đường.'),
('Ques_166' , 'Ans_1' , 0 , 0 , 'none' , N'Xe tải, xe khách, xe con, mô tô.'),
('Ques_166' , 'Ans_2' , 0 , 1 , 'none' , N'Xe tải, mô tô, xe khách, xe con.'),
('Ques_166' , 'Ans_3' , 0 , 0 , 'none' , N'Xe khách, xe tải, xe con, mô tô.'),
('Ques_166' , 'Ans_4' , 0 , 0 , 'none' , N'Mô tô, xe khách, xe tải, xe con.'),
('Ques_167' , 'Ans_1' , 0 , 0 , 'none' , N'Xe tải, xe con, mô tô.'),
('Ques_167' , 'Ans_2' , 0 , 0 , 'none' , N'Xe con, xe tải, mô tô.'),
('Ques_167' , 'Ans_3' , 0 , 1 , 'none' , N'Mô tô, xe con, xe tải.'),
('Ques_167' , 'Ans_4' , 0 , 0 , 'none' , N'Xe con, mô tô, xe tải.'),
('Ques_168' , 'Ans_1' , 0 , 0 , 'none' , N'Mô tô.'),
('Ques_168' , 'Ans_2' , 0 , 1 , 'none' , N'Xe con.'),
('Ques_169' , 'Ans_1' , 0 , 0 , 'none' , N'Mô tô.'),
('Ques_169' , 'Ans_2' , 0 , 1 , 'none' , N'Xe cứu thương.'),
('Ques_170' , 'Ans_1' , 0 , 1 , 'none' , N'Xe con và xe khách.'),
('Ques_170' , 'Ans_2' , 0 , 0 , 'none' , N'Mô tô.'),
('Ques_171' , 'Ans_1' , 0 , 1 , 'none' , N'Xe khách, xe tải, mô tô.'),
('Ques_171' , 'Ans_2' , 0 , 0 , 'none' , N'Xe tải, xe con, mô tô.'),
('Ques_171' , 'Ans_3' , 0 , 0 , 'none' , N'Xe khách, xe con, mô tô.'),
('Ques_172' , 'Ans_1' , 0 , 0 , 'none' , N'Xe khách, xe tải, mô tô, xe con.'),
('Ques_172' , 'Ans_2' , 0 , 0 , 'none' , N'Xe con, xe khách, xe tải, mô tô.'),
('Ques_172' , 'Ans_3' , 0 , 1 , 'none' , N'Mô tô, xe tải, xe khách, xe con.'),
('Ques_172' , 'Ans_4' , 0 , 0 , 'none' , N'Mô tô, xe tải, xe con, xe khách.'),
('Ques_173' , 'Ans_1' , 0 , 1 , 'none' , N'Xe tải.'),
('Ques_173' , 'Ans_2' , 0 , 0 , 'none' , N'Xe con và mô tô.'),
('Ques_173' , 'Ans_3' , 0 , 0 , 'none' , N'Cả ba xe.'),
('Ques_173' , 'Ans_4' , 0 , 0 , 'none' , N'Xe con và xe tải.'),
('Ques_174' , 'Ans_1' , 0 , 1 , 'none' , N'Cả ba hướng.'),
('Ques_174' , 'Ans_2' , 0 , 0 , 'none' , N'Chỉ hướng 1 và 3.'),
('Ques_174' , 'Ans_3' , 0 , 0 , 'none' , N'Chỉ hướng 1.'),
('Ques_175' , 'Ans_1' , 0 , 1 , 'none' , N'Cả hai xe.'),
('Ques_175' , 'Ans_2' , 0 , 0 , 'none' , N'Không xe nào vi phạm.'),
('Ques_175' , 'Ans_3' , 0 , 0 , 'none' , N'Chỉ xe mô tô vi phạm.'),
('Ques_175' , 'Ans_4' , 0 , 0 , 'none' , N'Chỉ xe tải vi phạm.'),
('Ques_176' , 'Ans_1' , 0 , 0 , 'none' , N'Chỉ mô tô.'),
('Ques_176' , 'Ans_2' , 0 , 0 , 'none' , N'Chỉ xe tải.'),
('Ques_176' , 'Ans_3' , 0 , 1 , 'none' , N'Cả ba xe.'),
('Ques_176' , 'Ans_4' , 0 , 0 , 'none' , N'Chỉ mô tô và xe tải.'),
('Ques_177' , 'Ans_1' , 0 , 0 , 'none' , N'Đúng.'),
('Ques_177' , 'Ans_2' , 0 , 1 , 'none' , N'Không đúng.'),
('Ques_178' , 'Ans_1' , 0 , 0 , 'none' , N'Xe con.'),
('Ques_178' , 'Ans_2' , 0 , 1 , 'none' , N'Xe mô tô.'),
('Ques_179' , 'Ans_1' , 0 , 0 , 'none' , N'Xe con (A), mô tô, xe con (B), xe đạp.'),
('Ques_179' , 'Ans_2' , 0 , 0 , 'none' , N'Xe con (B), xe đạp, mô tô, xe con (A).'),
('Ques_179' , 'Ans_3' , 0 , 0 , 'none' , N'Xe con (A), xe con (B), mô tô  + xe đạp.'),
('Ques_179' , 'Ans_4' , 0 , 1 , 'none' , N'Mô tô + xe đạp, xe con (A), xe con (B).'),
('Ques_180' , 'Ans_1' , 0 , 1 , 'none' , N'Mô tô.'),
('Ques_180' , 'Ans_2' , 0 , 0 , 'none' , N'Xe con.'),
('Ques_181' , 'Ans_1' , 0 , 0 , 'none' , N'Xe khách.'),
('Ques_181' , 'Ans_2' , 0 , 0 , 'none' , N'Mô tô.'),
('Ques_181' , 'Ans_3' , 0 , 1 , 'none' , N'Xe con.'),
('Ques_181' , 'Ans_4' , 0 , 0 , 'none' , N'Xe con và mô tô.'),
('Ques_182' , 'Ans_1' , 0 , 0 , 'none' , N'Các xe ở phía tay phải và tay trái của người điều khiển được phép đi thẳng.'),
('Ques_182' , 'Ans_2' , 0 , 0 , 'none' , N'Cho phép các xe ở mọi hướng được rẽ phải.'),
('Ques_182' , 'Ans_3' , 0 , 1 , 'none' , N'Tất cả các xe phải dừng lại trước ngã tư, trừ những xe đã ở trong ngã tư được phép tiếp tục đi.'),
('Ques_183' , 'Ans_1' , 0 , 0 , 'none' , N'Mô tô, xe con.'),
('Ques_183' , 'Ans_2' , 0 , 0 , 'none' , N'Xe con, xe tải.'),
('Ques_183' , 'Ans_3' , 0 , 1 , 'none' , N'Mô tô, xe tải.'),
('Ques_183' , 'Ans_4' , 0 , 0 , 'none' , N'Cả ba xe.'),
('Ques_184' , 'Ans_1' , 0 , 0 , 'none' , N'Chỉ xe khách, mô tô.'),
('Ques_184' , 'Ans_2' , 0 , 1 , 'none' , N'Tất cả các loại xe trên.'),
('Ques_184' , 'Ans_3' , 0 , 0 , 'none' , N'Không xe nào chấp hành đúng quy tắc giao thông.'),
('Ques_185' , 'Ans_1' , 0 , 0 , 'none' , N'Cả ba hướng.'),
('Ques_185' , 'Ans_2' , 0 , 0 , 'none' , N'Hướng 1 và 2.'),
('Ques_185' , 'Ans_3' , 0 , 1 , 'none' , N'Hướng 1 và 3.'),
('Ques_185' , 'Ans_4' , 0 , 0 , 'none' , N'Hướng 2 và 3.'),
('Ques_186' , 'Ans_1' , 0 , 0 , 'none' , N'Xe công an, xe quân sự, xe con + mô tô.'),
('Ques_186' , 'Ans_2' , 0 , 1 , 'none' , N'Xe quân sự, xe công an, xe con +mô tô.'),
('Ques_186' , 'Ans_3' , 0 , 0 , 'none' , N'Xe mô tô + xe con, xe quân sự, xe công an.'),
('Ques_187' , 'Ans_1' , 0 , 1 , 'none' , N'Xe con (E), mô tô (C).'),
('Ques_187' , 'Ans_2' , 0 , 0 , 'none' , N'Xe tải (A), mô tô (D).'),
('Ques_187' , 'Ans_3' , 0 , 0 , 'none' , N'Xe khách (B), mô tô (C).'),
('Ques_187' , 'Ans_4' , 0 , 0 , 'none' , N'Xe khách (B), mô tô (D).'),
('Ques_188' , 'Ans_1' , 0 , 0 , 'none' , N'Xe con (B), mô tô (C).'),
('Ques_188' , 'Ans_2' , 0 , 0 , 'none' , N'Xe con (A), mô tô (C).'),
('Ques_188' , 'Ans_3' , 0 , 1 , 'none' , N'Xe con (E), mô tô (D).'),
('Ques_188' , 'Ans_4' , 0 , 0 , 'none' , N'Tất cả các loại xe trên.'),
('Ques_189' , 'Ans_1' , 0 , 0 , 'none' , N'Cho phép.'),
('Ques_189' , 'Ans_2' , 0 , 1 , 'none' , N'Không được vượt.'),
('Ques_190' , 'Ans_1' , 0 , 0 , 'none' , N'Xe mô tô.'),
('Ques_190' , 'Ans_2' , 0 , 0 , 'none' , N'Xe ô tô con.'),
('Ques_190' , 'Ans_3' , 0 , 0 , 'none' , N'Không xe nào vi phạm.'),
('Ques_190' , 'Ans_4' , 0 , 1 , 'none' , N'Cả hai xe.'),
('Ques_191' , 'Ans_1' , 0 , 0 , 'none' , N'Xe con.'),
('Ques_191' , 'Ans_2' , 0 , 1 , 'none' , N'Xe tải.'),
('Ques_191' , 'Ans_3' , 0 , 0 , 'none' , N'Xe con, xe tải.'),
('Ques_192' , 'Ans_1' , 0 , 0 , 'none' , N'Xe tải, xe con.'),
('Ques_192' , 'Ans_2' , 0 , 0 , 'none' , N'Xe khách, xe con.'),
('Ques_192' , 'Ans_3' , 0 , 1 , 'none' , N'Xe khách, xe tải.'),
('Ques_193' , 'Ans_1' , 0 , 0 , 'none' , N'Xe con, xe khách, xe tải.'),
('Ques_193' , 'Ans_2' , 0 , 1 , 'none' , N'Xe tải, xe khách, xe mô tô.'),
('Ques_193' , 'Ans_3' , 0 , 0 , 'none' , N'Xe khách, xe mô tô, xe con.'),
('Ques_193' , 'Ans_4' , 0 , 0 , 'none' , N'Cả bốn xe.'),
('Ques_194' , 'Ans_1' , 0 , 0 , 'none' , N'Xe tải, mô tô.'),
('Ques_194' , 'Ans_2' , 0 , 1 , 'none' , N'Xe khách, mô tô.'),
('Ques_194' , 'Ans_3' , 0 , 0 , 'none' , N'Xe tải, xe con.'),
('Ques_194' , 'Ans_4' , 0 , 0 , 'none' , N'Mô tô, xe con.'),
('Ques_195' , 'Ans_1' , 0 , 0 , 'none' , N'Xe của bạn, mô tô, xe con.'),
('Ques_195' , 'Ans_2' , 0 , 0 , 'none' , N'Xe con, xe của bạn, mô tô.'),
('Ques_195' , 'Ans_3' , 0 , 1 , 'none' , N'Mô tô, xe con, xe của bạn.'),
('Ques_196' , 'Ans_1' , 0 , 0 , 'none' , N'Xe của bạn, mô tô, xe con.'),
('Ques_196' , 'Ans_2' , 0 , 1 , 'none' , N'Xe con, xe của bạn, mô tô.'),
('Ques_196' , 'Ans_3' , 0 , 0 , 'none' , N'Mô tô, xe con, xe của bạn.'),
('Ques_197' , 'Ans_1' , 0 , 0 , 'none' , N'Tăng tốc độ, rẽ phải trước xe tải và xe đạp.'),
('Ques_197' , 'Ans_2' , 0 , 1 , 'none' , N'Giảm tốc độ, rẽ phải sau xe tải và xe đạp.'),
('Ques_197' , 'Ans_3' , 0 , 0 , 'none' , N'Tăng tốc độ, rẽ phải trước xe đạp.'),
('Ques_198' , 'Ans_1' , 0 , 1 , 'none' , N'Xe con.'),
('Ques_198' , 'Ans_2' , 0 , 0 , 'none' , N'Xe mô tô.'),
('Ques_198' , 'Ans_3' , 0 , 0 , 'none' , N'Cả hai xe đều đúng.'),
('Ques_199' , 'Ans_1' , 0 , 0 , 'none' , N'Quan sát nếu thấy không có tàu thì tăng tốc cho xe vượt qua đường sắt.'),
('Ques_199' , 'Ans_2' , 0 , 1 , 'none' , N'Dừng lại trước rào chắn một khoảng cách an toàn.'),
('Ques_199' , 'Ans_3' , 0 , 0 , 'none' , N'Ra tín hiệu, yêu cầu người gác chắn tàu kéo chậm Barie để xe bạn qua.'),
('Ques_200' , 'Ans_1' , 0 , 0 , 'none' , N'Vượt về phía bên phải để đi tiếp.'),
('Ques_200' , 'Ans_2' , 0 , 1 , 'none' , N'Giảm tốc độ chờ xe container rẽ xong rồi tiếp tục đi.'),
('Ques_200' , 'Ans_3' , 0 , 0 , 'none' , N'Vượt về phía bên trái để đi tiếp.');
go


--=================
/*
insert into Attempt(Attempt, QuizID ,UserID) values
(1 , 'Qz_A1' , '8D272E24-2EF3-44F1-9534-306377AC40A6');
*/



-----------------------------------------[ QUERY TEST ]-----------------------------------------------------
/*
use DrivingLicense;

select * from Account;
select * from Users;
select * from Teacher;

select * from License;
select * from Vehicle;

select * from Quiz;
select * from Question order by CAST(substring(QuestionID,6 ,4) as int) asc;
select * from Answer order by CAST(substring(QuestionID,6 ,4) as int) asc;
select * from Attempt;


delete from Account;
delete from License;
delete from Vehicle;
delete from Users;
delete from Quiz;
delete from Question;
delete from Answer;
delete from Attempt;
delete from ;

*/